GEO.id,GEO.id2,GEO.display-label,HD01_VD01,HD02_VD01
Id,Id2,Geography,Estimate; Median gross rent,Margin of Error; Median gross rent
8600000US06390,06390,ZCTA5 06390,1381,44
8600000US10001,10001,ZCTA5 10001,1989,169
8600000US10002,10002,ZCTA5 10002,882,34
8600000US10003,10003,ZCTA5 10003,2030,77
8600000US10004,10004,ZCTA5 10004,2851,134
8600000US10005,10005,ZCTA5 10005,2918,114
8600000US10006,10006,ZCTA5 10006,2824,118
8600000US10007,10007,ZCTA5 10007,3423,172
8600000US10009,10009,ZCTA5 10009,1485,67
8600000US10010,10010,ZCTA5 10010,2295,98
8600000US10011,10011,ZCTA5 10011,2000,107
8600000US10012,10012,ZCTA5 10012,2027,88
8600000US10013,10013,ZCTA5 10013,1512,164
8600000US10014,10014,ZCTA5 10014,2281,115
8600000US10016,10016,ZCTA5 10016,2327,73
8600000US10017,10017,ZCTA5 10017,2218,132
8600000US10018,10018,ZCTA5 10018,2784,127
8600000US10019,10019,ZCTA5 10019,2169,139
8600000US10020,10020,ZCTA5 10020,-,**
8600000US10021,10021,ZCTA5 10021,1913,82
8600000US10022,10022,ZCTA5 10022,2259,134
8600000US10023,10023,ZCTA5 10023,2173,102
8600000US10024,10024,ZCTA5 10024,1849,87
8600000US10025,10025,ZCTA5 10025,1428,67
8600000US10026,10026,ZCTA5 10026,992,53
8600000US10027,10027,ZCTA5 10027,1026,40
8600000US10028,10028,ZCTA5 10028,2081,83
8600000US10029,10029,ZCTA5 10029,886,36
8600000US10030,10030,ZCTA5 10030,905,45
8600000US10031,10031,ZCTA5 10031,1150,40
8600000US10032,10032,ZCTA5 10032,1109,36
8600000US10033,10033,ZCTA5 10033,1240,41
8600000US10034,10034,ZCTA5 10034,1159,32
8600000US10035,10035,ZCTA5 10035,770,63
8600000US10036,10036,ZCTA5 10036,1965,116
8600000US10037,10037,ZCTA5 10037,1047,48
8600000US10038,10038,ZCTA5 10038,2051,281
8600000US10039,10039,ZCTA5 10039,859,52
8600000US10040,10040,ZCTA5 10040,1228,37
8600000US10044,10044,ZCTA5 10044,2145,145
8600000US10065,10065,ZCTA5 10065,2143,89
8600000US10069,10069,ZCTA5 10069,3075,267
8600000US10075,10075,ZCTA5 10075,1999,143
8600000US10103,10103,ZCTA5 10103,-,**
8600000US10110,10110,ZCTA5 10110,-,**
8600000US10111,10111,ZCTA5 10111,-,**
8600000US10112,10112,ZCTA5 10112,-,**
8600000US10115,10115,ZCTA5 10115,-,**
8600000US10119,10119,ZCTA5 10119,-,**
8600000US10128,10128,ZCTA5 10128,1962,75
8600000US10152,10152,ZCTA5 10152,-,**
8600000US10153,10153,ZCTA5 10153,-,**
8600000US10154,10154,ZCTA5 10154,-,**
8600000US10162,10162,ZCTA5 10162,3009,771
8600000US10165,10165,ZCTA5 10165,-,**
8600000US10167,10167,ZCTA5 10167,-,**
8600000US10168,10168,ZCTA5 10168,-,**
8600000US10169,10169,ZCTA5 10169,-,**
8600000US10170,10170,ZCTA5 10170,-,**
8600000US10171,10171,ZCTA5 10171,-,**
8600000US10172,10172,ZCTA5 10172,-,**
8600000US10173,10173,ZCTA5 10173,-,**
8600000US10174,10174,ZCTA5 10174,-,**
8600000US10177,10177,ZCTA5 10177,-,**
8600000US10199,10199,ZCTA5 10199,-,**
8600000US10271,10271,ZCTA5 10271,-,**
8600000US10278,10278,ZCTA5 10278,-,**
8600000US10279,10279,ZCTA5 10279,-,**
8600000US10280,10280,ZCTA5 10280,2890,129
8600000US10282,10282,ZCTA5 10282,3084,412
8600000US10301,10301,ZCTA5 10301,1168,29
8600000US10302,10302,ZCTA5 10302,1168,68
8600000US10303,10303,ZCTA5 10303,958,78
8600000US10304,10304,ZCTA5 10304,1074,88
8600000US10305,10305,ZCTA5 10305,1195,70
8600000US10306,10306,ZCTA5 10306,1195,40
8600000US10307,10307,ZCTA5 10307,1203,80
8600000US10308,10308,ZCTA5 10308,1245,142
8600000US10309,10309,ZCTA5 10309,1235,200
8600000US10310,10310,ZCTA5 10310,1061,64
8600000US10311,10311,ZCTA5 10311,-,**
8600000US10312,10312,ZCTA5 10312,1215,71
8600000US10314,10314,ZCTA5 10314,1199,59
8600000US10451,10451,ZCTA5 10451,931,29
8600000US10452,10452,ZCTA5 10452,1044,18
8600000US10453,10453,ZCTA5 10453,1028,18
8600000US10454,10454,ZCTA5 10454,673,32
8600000US10455,10455,ZCTA5 10455,796,44
8600000US10456,10456,ZCTA5 10456,927,21
8600000US10457,10457,ZCTA5 10457,1060,17
8600000US10458,10458,ZCTA5 10458,1121,17
8600000US10459,10459,ZCTA5 10459,920,25
8600000US10460,10460,ZCTA5 10460,951,25
8600000US10461,10461,ZCTA5 10461,1244,26
8600000US10462,10462,ZCTA5 10462,1210,16
8600000US10463,10463,ZCTA5 10463,1191,31
8600000US10464,10464,ZCTA5 10464,1365,77
8600000US10465,10465,ZCTA5 10465,1259,63
8600000US10466,10466,ZCTA5 10466,1138,27
8600000US10467,10467,ZCTA5 10467,1140,13
8600000US10468,10468,ZCTA5 10468,1148,17
8600000US10469,10469,ZCTA5 10469,1261,40
8600000US10470,10470,ZCTA5 10470,1258,49
8600000US10471,10471,ZCTA5 10471,1488,64
8600000US10472,10472,ZCTA5 10472,1065,20
8600000US10473,10473,ZCTA5 10473,890,32
8600000US10474,10474,ZCTA5 10474,1015,45
8600000US10475,10475,ZCTA5 10475,946,33
8600000US10501,10501,ZCTA5 10501,-,**
8600000US10502,10502,ZCTA5 10502,1238,258
8600000US10503,10503,ZCTA5 10503,-,**
8600000US10504,10504,ZCTA5 10504,2370,1691
8600000US10505,10505,ZCTA5 10505,1316,505
8600000US10506,10506,ZCTA5 10506,2308,1199
8600000US10507,10507,ZCTA5 10507,1381,84
8600000US10509,10509,ZCTA5 10509,1313,123
8600000US10510,10510,ZCTA5 10510,1599,546
8600000US10511,10511,ZCTA5 10511,1494,223
8600000US10512,10512,ZCTA5 10512,1169,52
8600000US10514,10514,ZCTA5 10514,1976,736
8600000US10516,10516,ZCTA5 10516,1433,148
8600000US10517,10517,ZCTA5 10517,1478,1167
8600000US10518,10518,ZCTA5 10518,-,**
8600000US10519,10519,ZCTA5 10519,-,**
8600000US10520,10520,ZCTA5 10520,1338,49
8600000US10522,10522,ZCTA5 10522,1631,224
8600000US10523,10523,ZCTA5 10523,1918,171
8600000US10524,10524,ZCTA5 10524,1775,484
8600000US10526,10526,ZCTA5 10526,1098,978
8600000US10527,10527,ZCTA5 10527,-,**
8600000US10528,10528,ZCTA5 10528,1921,159
8600000US10530,10530,ZCTA5 10530,1708,112
8600000US10532,10532,ZCTA5 10532,1226,699
8600000US10533,10533,ZCTA5 10533,1836,246
8600000US10535,10535,ZCTA5 10535,1244,223
8600000US10536,10536,ZCTA5 10536,2074,259
8600000US10537,10537,ZCTA5 10537,-,**
8600000US10538,10538,ZCTA5 10538,1578,175
8600000US10541,10541,ZCTA5 10541,1238,116
8600000US10543,10543,ZCTA5 10543,1637,85
8600000US10545,10545,ZCTA5 10545,-,**
8600000US10546,10546,ZCTA5 10546,3189,735
8600000US10547,10547,ZCTA5 10547,1381,225
8600000US10548,10548,ZCTA5 10548,1411,164
8600000US10549,10549,ZCTA5 10549,1371,66
8600000US10550,10550,ZCTA5 10550,1177,30
8600000US10552,10552,ZCTA5 10552,1284,54
8600000US10553,10553,ZCTA5 10553,1303,62
8600000US10560,10560,ZCTA5 10560,1781,301
8600000US10562,10562,ZCTA5 10562,1421,51
8600000US10566,10566,ZCTA5 10566,1252,59
8600000US10567,10567,ZCTA5 10567,1664,356
8600000US10570,10570,ZCTA5 10570,1405,229
8600000US10573,10573,ZCTA5 10573,1450,49
8600000US10576,10576,ZCTA5 10576,2110,318
8600000US10577,10577,ZCTA5 10577,3132,489
8600000US10578,10578,ZCTA5 10578,1799,132
8600000US10579,10579,ZCTA5 10579,1173,551
8600000US10580,10580,ZCTA5 10580,1898,186
8600000US10583,10583,ZCTA5 10583,1931,223
8600000US10588,10588,ZCTA5 10588,1209,192
8600000US10589,10589,ZCTA5 10589,2506,302
8600000US10590,10590,ZCTA5 10590,1890,288
8600000US10591,10591,ZCTA5 10591,1394,82
8600000US10594,10594,ZCTA5 10594,1288,631
8600000US10595,10595,ZCTA5 10595,1585,136
8600000US10596,10596,ZCTA5 10596,1361,102
8600000US10597,10597,ZCTA5 10597,-,**
8600000US10598,10598,ZCTA5 10598,1376,108
8600000US10601,10601,ZCTA5 10601,1569,119
8600000US10603,10603,ZCTA5 10603,1485,85
8600000US10604,10604,ZCTA5 10604,1683,102
8600000US10605,10605,ZCTA5 10605,1582,157
8600000US10606,10606,ZCTA5 10606,1551,89
8600000US10607,10607,ZCTA5 10607,1676,566
8600000US10701,10701,ZCTA5 10701,1194,33
8600000US10703,10703,ZCTA5 10703,1272,79
8600000US10704,10704,ZCTA5 10704,1332,51
8600000US10705,10705,ZCTA5 10705,1123,34
8600000US10706,10706,ZCTA5 10706,1653,109
8600000US10707,10707,ZCTA5 10707,1756,170
8600000US10708,10708,ZCTA5 10708,1543,129
8600000US10709,10709,ZCTA5 10709,1536,171
8600000US10710,10710,ZCTA5 10710,1356,38
8600000US10801,10801,ZCTA5 10801,1318,39
8600000US10803,10803,ZCTA5 10803,1728,88
8600000US10804,10804,ZCTA5 10804,1676,371
8600000US10805,10805,ZCTA5 10805,1418,66
8600000US10901,10901,ZCTA5 10901,1232,90
8600000US10910,10910,ZCTA5 10910,-,**
8600000US10911,10911,ZCTA5 10911,-,**
8600000US10913,10913,ZCTA5 10913,-,**
8600000US10914,10914,ZCTA5 10914,-,**
8600000US10915,10915,ZCTA5 10915,-,**
8600000US10916,10916,ZCTA5 10916,2047,502
8600000US10917,10917,ZCTA5 10917,1454,186
8600000US10918,10918,ZCTA5 10918,1362,93
8600000US10919,10919,ZCTA5 10919,-,**
8600000US10920,10920,ZCTA5 10920,1441,178
8600000US10921,10921,ZCTA5 10921,1078,75
8600000US10922,10922,ZCTA5 10922,1698,483
8600000US10923,10923,ZCTA5 10923,1363,73
8600000US10924,10924,ZCTA5 10924,1178,60
8600000US10925,10925,ZCTA5 10925,1320,419
8600000US10926,10926,ZCTA5 10926,1307,114
8600000US10927,10927,ZCTA5 10927,1296,92
8600000US10928,10928,ZCTA5 10928,1108,97
8600000US10931,10931,ZCTA5 10931,1356,178
8600000US10932,10932,ZCTA5 10932,-,**
8600000US10933,10933,ZCTA5 10933,-,**
8600000US10940,10940,ZCTA5 10940,1120,29
8600000US10941,10941,ZCTA5 10941,1248,67
8600000US10950,10950,ZCTA5 10950,1177,48
8600000US10952,10952,ZCTA5 10952,1308,67
8600000US10953,10953,ZCTA5 10953,-,**
8600000US10954,10954,ZCTA5 10954,1530,149
8600000US10956,10956,ZCTA5 10956,1241,86
8600000US10958,10958,ZCTA5 10958,1008,144
8600000US10960,10960,ZCTA5 10960,1513,111
8600000US10962,10962,ZCTA5 10962,910,233
8600000US10963,10963,ZCTA5 10963,1608,431
8600000US10965,10965,ZCTA5 10965,1353,56
8600000US10968,10968,ZCTA5 10968,1411,136
8600000US10969,10969,ZCTA5 10969,2092,831
8600000US10970,10970,ZCTA5 10970,1722,224
8600000US10973,10973,ZCTA5 10973,1113,585
8600000US10974,10974,ZCTA5 10974,1435,194
8600000US10975,10975,ZCTA5 10975,1489,316
8600000US10976,10976,ZCTA5 10976,656,302
8600000US10977,10977,ZCTA5 10977,1220,35
8600000US10979,10979,ZCTA5 10979,-,**
8600000US10980,10980,ZCTA5 10980,1377,170
8600000US10983,10983,ZCTA5 10983,2160,212
8600000US10984,10984,ZCTA5 10984,1738,157
8600000US10985,10985,ZCTA5 10985,-,**
8600000US10986,10986,ZCTA5 10986,1350,554
8600000US10987,10987,ZCTA5 10987,1369,89
8600000US10988,10988,ZCTA5 10988,980,196
8600000US10989,10989,ZCTA5 10989,1730,188
8600000US10990,10990,ZCTA5 10990,1171,240
8600000US10992,10992,ZCTA5 10992,886,52
8600000US10993,10993,ZCTA5 10993,1219,164
8600000US10994,10994,ZCTA5 10994,1298,196
8600000US10996,10996,ZCTA5 10996,3119,63
8600000US10998,10998,ZCTA5 10998,1236,571
8600000US11001,11001,ZCTA5 11001,1502,89
8600000US11003,11003,ZCTA5 11003,1648,94
8600000US11004,11004,ZCTA5 11004,1248,168
8600000US11005,11005,ZCTA5 11005,2508,337
8600000US11010,11010,ZCTA5 11010,1331,177
8600000US11021,11021,ZCTA5 11021,1703,141
8600000US11023,11023,ZCTA5 11023,2442,974
8600000US11024,11024,ZCTA5 11024,1448,286
8600000US11030,11030,ZCTA5 11030,1543,386
8600000US11040,11040,ZCTA5 11040,1453,109
8600000US11042,11042,ZCTA5 11042,-,**
8600000US11050,11050,ZCTA5 11050,1974,96
8600000US11096,11096,ZCTA5 11096,1312,82
8600000US11101,11101,ZCTA5 11101,1271,62
8600000US11102,11102,ZCTA5 11102,1490,38
8600000US11103,11103,ZCTA5 11103,1465,27
8600000US11104,11104,ZCTA5 11104,1421,28
8600000US11105,11105,ZCTA5 11105,1538,37
8600000US11106,11106,ZCTA5 11106,1380,37
8600000US11109,11109,ZCTA5 11109,2875,63
8600000US11201,11201,ZCTA5 11201,2000,58
8600000US11203,11203,ZCTA5 11203,1172,16
8600000US11204,11204,ZCTA5 11204,1217,20
8600000US11205,11205,ZCTA5 11205,1209,51
8600000US11206,11206,ZCTA5 11206,912,40
8600000US11207,11207,ZCTA5 11207,1063,22
8600000US11208,11208,ZCTA5 11208,1137,24
8600000US11209,11209,ZCTA5 11209,1362,19
8600000US11210,11210,ZCTA5 11210,1166,18
8600000US11211,11211,ZCTA5 11211,1427,55
8600000US11212,11212,ZCTA5 11212,923,32
8600000US11213,11213,ZCTA5 11213,1076,21
8600000US11214,11214,ZCTA5 11214,1198,18
8600000US11215,11215,ZCTA5 11215,1914,51
8600000US11216,11216,ZCTA5 11216,1160,39
8600000US11217,11217,ZCTA5 11217,1743,65
8600000US11218,11218,ZCTA5 11218,1381,27
8600000US11219,11219,ZCTA5 11219,1245,26
8600000US11220,11220,ZCTA5 11220,1213,23
8600000US11221,11221,ZCTA5 11221,1160,25
8600000US11222,11222,ZCTA5 11222,1670,39
8600000US11223,11223,ZCTA5 11223,1172,23
8600000US11224,11224,ZCTA5 11224,701,63
8600000US11225,11225,ZCTA5 11225,1206,23
8600000US11226,11226,ZCTA5 11226,1197,14
8600000US11228,11228,ZCTA5 11228,1316,33
8600000US11229,11229,ZCTA5 11229,1160,22
8600000US11230,11230,ZCTA5 11230,1245,21
8600000US11231,11231,ZCTA5 11231,1623,77
8600000US11232,11232,ZCTA5 11232,1329,39
8600000US11233,11233,ZCTA5 11233,1075,24
8600000US11234,11234,ZCTA5 11234,1299,36
8600000US11235,11235,ZCTA5 11235,1161,27
8600000US11236,11236,ZCTA5 11236,1274,19
8600000US11237,11237,ZCTA5 11237,1323,24
8600000US11238,11238,ZCTA5 11238,1461,51
8600000US11239,11239,ZCTA5 11239,796,236
8600000US11351,11351,ZCTA5 11351,-,**
8600000US11354,11354,ZCTA5 11354,1344,35
8600000US11355,11355,ZCTA5 11355,1287,28
8600000US11356,11356,ZCTA5 11356,1475,48
8600000US11357,11357,ZCTA5 11357,1610,82
8600000US11358,11358,ZCTA5 11358,1514,51
8600000US11359,11359,ZCTA5 11359,-,**
8600000US11360,11360,ZCTA5 11360,1880,162
8600000US11361,11361,ZCTA5 11361,1659,44
8600000US11362,11362,ZCTA5 11362,1757,204
8600000US11363,11363,ZCTA5 11363,1748,129
8600000US11364,11364,ZCTA5 11364,1582,89
8600000US11365,11365,ZCTA5 11365,1390,67
8600000US11366,11366,ZCTA5 11366,1574,100
8600000US11367,11367,ZCTA5 11367,1238,46
8600000US11368,11368,ZCTA5 11368,1423,27
8600000US11369,11369,ZCTA5 11369,1336,37
8600000US11370,11370,ZCTA5 11370,1539,65
8600000US11371,11371,ZCTA5 11371,-,**
8600000US11372,11372,ZCTA5 11372,1316,23
8600000US11373,11373,ZCTA5 11373,1373,26
8600000US11374,11374,ZCTA5 11374,1349,33
8600000US11375,11375,ZCTA5 11375,1566,39
8600000US11377,11377,ZCTA5 11377,1380,25
8600000US11378,11378,ZCTA5 11378,1402,33
8600000US11379,11379,ZCTA5 11379,1353,37
8600000US11385,11385,ZCTA5 11385,1294,16
8600000US11411,11411,ZCTA5 11411,1377,118
8600000US11412,11412,ZCTA5 11412,1278,71
8600000US11413,11413,ZCTA5 11413,1502,68
8600000US11414,11414,ZCTA5 11414,1514,142
8600000US11415,11415,ZCTA5 11415,1397,34
8600000US11416,11416,ZCTA5 11416,1355,35
8600000US11417,11417,ZCTA5 11417,1334,34
8600000US11418,11418,ZCTA5 11418,1357,24
8600000US11419,11419,ZCTA5 11419,1366,26
8600000US11420,11420,ZCTA5 11420,1395,40
8600000US11421,11421,ZCTA5 11421,1396,27
8600000US11422,11422,ZCTA5 11422,1593,66
8600000US11423,11423,ZCTA5 11423,1237,59
8600000US11424,11424,ZCTA5 11424,-,**
8600000US11425,11425,ZCTA5 11425,-,**
8600000US11426,11426,ZCTA5 11426,1502,118
8600000US11427,11427,ZCTA5 11427,1275,57
8600000US11428,11428,ZCTA5 11428,1377,61
8600000US11429,11429,ZCTA5 11429,1331,78
8600000US11430,11430,ZCTA5 11430,-,**
8600000US11432,11432,ZCTA5 11432,1317,21
8600000US11433,11433,ZCTA5 11433,1071,76
8600000US11434,11434,ZCTA5 11434,1135,26
8600000US11435,11435,ZCTA5 11435,1327,25
8600000US11436,11436,ZCTA5 11436,1420,44
8600000US11451,11451,ZCTA5 11451,-,**
8600000US11501,11501,ZCTA5 11501,1526,130
8600000US11507,11507,ZCTA5 11507,1724,599
8600000US11509,11509,ZCTA5 11509,2429,413
8600000US11510,11510,ZCTA5 11510,1606,149
8600000US11514,11514,ZCTA5 11514,1609,162
8600000US11516,11516,ZCTA5 11516,1607,280
8600000US11518,11518,ZCTA5 11518,2028,293
8600000US11520,11520,ZCTA5 11520,1364,51
8600000US11530,11530,ZCTA5 11530,2231,329
8600000US11542,11542,ZCTA5 11542,1683,77
8600000US11545,11545,ZCTA5 11545,1810,209
8600000US11547,11547,ZCTA5 11547,1637,1629
8600000US11548,11548,ZCTA5 11548,1451,768
8600000US11549,11549,ZCTA5 11549,-,**
8600000US11550,11550,ZCTA5 11550,1292,37
8600000US11552,11552,ZCTA5 11552,1692,169
8600000US11553,11553,ZCTA5 11553,1327,71
8600000US11554,11554,ZCTA5 11554,1901,220
8600000US11556,11556,ZCTA5 11556,-,**
8600000US11557,11557,ZCTA5 11557,1449,560
8600000US11558,11558,ZCTA5 11558,1493,221
8600000US11559,11559,ZCTA5 11559,1652,136
8600000US11560,11560,ZCTA5 11560,1692,279
8600000US11561,11561,ZCTA5 11561,1660,62
8600000US11563,11563,ZCTA5 11563,1680,91
8600000US11565,11565,ZCTA5 11565,1243,475
8600000US11566,11566,ZCTA5 11566,2116,165
8600000US11568,11568,ZCTA5 11568,1574,822
8600000US11569,11569,ZCTA5 11569,1871,462
8600000US11570,11570,ZCTA5 11570,1421,134
8600000US11572,11572,ZCTA5 11572,1256,166
8600000US11575,11575,ZCTA5 11575,1423,282
8600000US11576,11576,ZCTA5 11576,1929,154
8600000US11577,11577,ZCTA5 11577,1628,321
8600000US11579,11579,ZCTA5 11579,1645,189
8600000US11580,11580,ZCTA5 11580,1511,135
8600000US11581,11581,ZCTA5 11581,1603,121
8600000US11590,11590,ZCTA5 11590,1543,192
8600000US11596,11596,ZCTA5 11596,1736,124
8600000US11598,11598,ZCTA5 11598,1805,297
8600000US11691,11691,ZCTA5 11691,1074,46
8600000US11692,11692,ZCTA5 11692,847,45
8600000US11693,11693,ZCTA5 11693,935,55
8600000US11694,11694,ZCTA5 11694,1212,75
8600000US11701,11701,ZCTA5 11701,1311,100
8600000US11702,11702,ZCTA5 11702,1678,95
8600000US11703,11703,ZCTA5 11703,1726,112
8600000US11704,11704,ZCTA5 11704,1499,73
8600000US11705,11705,ZCTA5 11705,1748,68
8600000US11706,11706,ZCTA5 11706,1350,55
8600000US11709,11709,ZCTA5 11709,1388,310
8600000US11710,11710,ZCTA5 11710,1792,142
8600000US11713,11713,ZCTA5 11713,2132,72
8600000US11714,11714,ZCTA5 11714,1788,148
8600000US11715,11715,ZCTA5 11715,1682,322
8600000US11716,11716,ZCTA5 11716,1623,121
8600000US11717,11717,ZCTA5 11717,1243,96
8600000US11718,11718,ZCTA5 11718,1265,166
8600000US11719,11719,ZCTA5 11719,1317,151
8600000US11720,11720,ZCTA5 11720,2057,135
8600000US11721,11721,ZCTA5 11721,1481,637
8600000US11722,11722,ZCTA5 11722,1471,79
8600000US11724,11724,ZCTA5 11724,3214,83
8600000US11725,11725,ZCTA5 11725,1665,193
8600000US11726,11726,ZCTA5 11726,1472,96
8600000US11727,11727,ZCTA5 11727,1692,81
8600000US11729,11729,ZCTA5 11729,1557,85
8600000US11730,11730,ZCTA5 11730,1586,271
8600000US11731,11731,ZCTA5 11731,1664,111
8600000US11732,11732,ZCTA5 11732,2228,96
8600000US11733,11733,ZCTA5 11733,2041,451
8600000US11735,11735,ZCTA5 11735,1621,105
8600000US11738,11738,ZCTA5 11738,1831,138
8600000US11739,11739,ZCTA5 11739,-,**
8600000US11740,11740,ZCTA5 11740,635,305
8600000US11741,11741,ZCTA5 11741,1753,57
8600000US11742,11742,ZCTA5 11742,1700,47
8600000US11743,11743,ZCTA5 11743,1800,98
8600000US11746,11746,ZCTA5 11746,1615,83
8600000US11747,11747,ZCTA5 11747,2392,502
8600000US11749,11749,ZCTA5 11749,1815,175
8600000US11751,11751,ZCTA5 11751,1495,121
8600000US11752,11752,ZCTA5 11752,1657,158
8600000US11753,11753,ZCTA5 11753,1766,93
8600000US11754,11754,ZCTA5 11754,1341,99
8600000US11755,11755,ZCTA5 11755,1785,69
8600000US11756,11756,ZCTA5 11756,1796,128
8600000US11757,11757,ZCTA5 11757,1427,69
8600000US11758,11758,ZCTA5 11758,1430,200
8600000US11762,11762,ZCTA5 11762,2296,248
8600000US11763,11763,ZCTA5 11763,1602,147
8600000US11764,11764,ZCTA5 11764,1288,135
8600000US11765,11765,ZCTA5 11765,1708,705
8600000US11766,11766,ZCTA5 11766,1676,612
8600000US11767,11767,ZCTA5 11767,1370,136
8600000US11768,11768,ZCTA5 11768,1670,211
8600000US11769,11769,ZCTA5 11769,1585,82
8600000US11770,11770,ZCTA5 11770,-,**
8600000US11771,11771,ZCTA5 11771,1457,270
8600000US11772,11772,ZCTA5 11772,1394,42
8600000US11776,11776,ZCTA5 11776,1573,207
8600000US11777,11777,ZCTA5 11777,1620,196
8600000US11778,11778,ZCTA5 11778,1429,445
8600000US11779,11779,ZCTA5 11779,1440,47
8600000US11780,11780,ZCTA5 11780,1678,259
8600000US11782,11782,ZCTA5 11782,1747,73
8600000US11783,11783,ZCTA5 11783,1869,224
8600000US11784,11784,ZCTA5 11784,1568,185
8600000US11786,11786,ZCTA5 11786,1917,1007
8600000US11787,11787,ZCTA5 11787,1342,117
8600000US11788,11788,ZCTA5 11788,1868,88
8600000US11789,11789,ZCTA5 11789,1407,215
8600000US11790,11790,ZCTA5 11790,2303,669
8600000US11791,11791,ZCTA5 11791,1759,506
8600000US11792,11792,ZCTA5 11792,1105,285
8600000US11793,11793,ZCTA5 11793,1433,333
8600000US11794,11794,ZCTA5 11794,-,**
8600000US11795,11795,ZCTA5 11795,1250,189
8600000US11796,11796,ZCTA5 11796,1485,174
8600000US11797,11797,ZCTA5 11797,2209,100
8600000US11798,11798,ZCTA5 11798,1904,222
8600000US11801,11801,ZCTA5 11801,1702,103
8600000US11803,11803,ZCTA5 11803,1883,1294
8600000US11804,11804,ZCTA5 11804,298,205
8600000US11901,11901,ZCTA5 11901,1335,97
8600000US11930,11930,ZCTA5 11930,2350,782
8600000US11931,11931,ZCTA5 11931,-,**
8600000US11932,11932,ZCTA5 11932,1244,710
8600000US11933,11933,ZCTA5 11933,1493,526
8600000US11934,11934,ZCTA5 11934,1332,306
8600000US11935,11935,ZCTA5 11935,1785,804
8600000US11937,11937,ZCTA5 11937,1682,346
8600000US11939,11939,ZCTA5 11939,1717,451
8600000US11940,11940,ZCTA5 11940,1762,111
8600000US11941,11941,ZCTA5 11941,1418,189
8600000US11942,11942,ZCTA5 11942,1793,224
8600000US11944,11944,ZCTA5 11944,1330,130
8600000US11946,11946,ZCTA5 11946,1654,130
8600000US11947,11947,ZCTA5 11947,-,**
8600000US11948,11948,ZCTA5 11948,-,**
8600000US11949,11949,ZCTA5 11949,1508,133
8600000US11950,11950,ZCTA5 11950,1610,191
8600000US11951,11951,ZCTA5 11951,1664,117
8600000US11952,11952,ZCTA5 11952,1443,520
8600000US11953,11953,ZCTA5 11953,1626,65
8600000US11954,11954,ZCTA5 11954,1342,111
8600000US11955,11955,ZCTA5 11955,1657,144
8600000US11956,11956,ZCTA5 11956,1604,447
8600000US11957,11957,ZCTA5 11957,1575,1200
8600000US11958,11958,ZCTA5 11958,-,**
8600000US11959,11959,ZCTA5 11959,1667,877
8600000US11960,11960,ZCTA5 11960,-,**
8600000US11961,11961,ZCTA5 11961,1422,224
8600000US11962,11962,ZCTA5 11962,-,**
8600000US11963,11963,ZCTA5 11963,1850,237
8600000US11964,11964,ZCTA5 11964,1245,231
8600000US11965,11965,ZCTA5 11965,-,**
8600000US11967,11967,ZCTA5 11967,1925,182
8600000US11968,11968,ZCTA5 11968,1780,175
8600000US11970,11970,ZCTA5 11970,-,**
8600000US11971,11971,ZCTA5 11971,1372,136
8600000US11972,11972,ZCTA5 11972,950,703
8600000US11973,11973,ZCTA5 11973,-,**
8600000US11975,11975,ZCTA5 11975,-,**
8600000US11976,11976,ZCTA5 11976,2635,802
8600000US11978,11978,ZCTA5 11978,1759,127
8600000US11980,11980,ZCTA5 11980,2031,215
8600000US12007,12007,ZCTA5 12007,-,**
8600000US12008,12008,ZCTA5 12008,-,**
8600000US12009,12009,ZCTA5 12009,1001,100
8600000US12010,12010,ZCTA5 12010,721,18
8600000US12015,12015,ZCTA5 12015,864,116
8600000US12017,12017,ZCTA5 12017,-,**
8600000US12018,12018,ZCTA5 12018,1017,524
8600000US12019,12019,ZCTA5 12019,957,29
8600000US12020,12020,ZCTA5 12020,1049,85
8600000US12022,12022,ZCTA5 12022,1625,1148
8600000US12024,12024,ZCTA5 12024,-,**
8600000US12025,12025,ZCTA5 12025,755,28
8600000US12027,12027,ZCTA5 12027,1048,346
8600000US12028,12028,ZCTA5 12028,-,**
8600000US12029,12029,ZCTA5 12029,1208,158
8600000US12031,12031,ZCTA5 12031,566,105
8600000US12032,12032,ZCTA5 12032,827,97
8600000US12033,12033,ZCTA5 12033,896,99
8600000US12035,12035,ZCTA5 12035,802,155
8600000US12036,12036,ZCTA5 12036,-,**
8600000US12037,12037,ZCTA5 12037,870,98
8600000US12040,12040,ZCTA5 12040,-,**
8600000US12041,12041,ZCTA5 12041,-,**
8600000US12042,12042,ZCTA5 12042,-,**
8600000US12043,12043,ZCTA5 12043,745,57
8600000US12045,12045,ZCTA5 12045,575,55
8600000US12046,12046,ZCTA5 12046,-,**
8600000US12047,12047,ZCTA5 12047,831,23
8600000US12051,12051,ZCTA5 12051,720,35
8600000US12052,12052,ZCTA5 12052,679,294
8600000US12053,12053,ZCTA5 12053,1236,205
8600000US12054,12054,ZCTA5 12054,1132,61
8600000US12056,12056,ZCTA5 12056,781,26
8600000US12057,12057,ZCTA5 12057,723,195
8600000US12058,12058,ZCTA5 12058,885,134
8600000US12059,12059,ZCTA5 12059,745,366
8600000US12061,12061,ZCTA5 12061,1115,72
8600000US12062,12062,ZCTA5 12062,990,87
8600000US12063,12063,ZCTA5 12063,-,**
8600000US12064,12064,ZCTA5 12064,680,48
8600000US12065,12065,ZCTA5 12065,1077,37
8600000US12066,12066,ZCTA5 12066,756,81
8600000US12067,12067,ZCTA5 12067,972,198
8600000US12068,12068,ZCTA5 12068,641,57
8600000US12069,12069,ZCTA5 12069,-,**
8600000US12070,12070,ZCTA5 12070,850,162
8600000US12072,12072,ZCTA5 12072,818,111
8600000US12074,12074,ZCTA5 12074,646,551
8600000US12075,12075,ZCTA5 12075,830,349
8600000US12076,12076,ZCTA5 12076,750,475
8600000US12077,12077,ZCTA5 12077,1024,113
8600000US12078,12078,ZCTA5 12078,687,24
8600000US12083,12083,ZCTA5 12083,713,128
8600000US12084,12084,ZCTA5 12084,1156,25
8600000US12085,12085,ZCTA5 12085,974,119
8600000US12086,12086,ZCTA5 12086,698,147
8600000US12087,12087,ZCTA5 12087,-,**
8600000US12089,12089,ZCTA5 12089,-,**
8600000US12090,12090,ZCTA5 12090,805,120
8600000US12092,12092,ZCTA5 12092,644,561
8600000US12093,12093,ZCTA5 12093,702,271
8600000US12094,12094,ZCTA5 12094,713,386
8600000US12095,12095,ZCTA5 12095,716,55
8600000US12106,12106,ZCTA5 12106,1051,155
8600000US12108,12108,ZCTA5 12108,675,464
8600000US12110,12110,ZCTA5 12110,1110,60
8600000US12115,12115,ZCTA5 12115,-,**
8600000US12116,12116,ZCTA5 12116,950,166
8600000US12117,12117,ZCTA5 12117,801,87
8600000US12118,12118,ZCTA5 12118,867,42
8600000US12120,12120,ZCTA5 12120,1288,468
8600000US12121,12121,ZCTA5 12121,-,**
8600000US12122,12122,ZCTA5 12122,725,52
8600000US12123,12123,ZCTA5 12123,809,224
8600000US12124,12124,ZCTA5 12124,-,**
8600000US12125,12125,ZCTA5 12125,973,81
8600000US12130,12130,ZCTA5 12130,-,**
8600000US12131,12131,ZCTA5 12131,-,**
8600000US12132,12132,ZCTA5 12132,-,**
8600000US12134,12134,ZCTA5 12134,782,82
8600000US12136,12136,ZCTA5 12136,-,**
8600000US12137,12137,ZCTA5 12137,1064,236
8600000US12138,12138,ZCTA5 12138,733,65
8600000US12139,12139,ZCTA5 12139,-,**
8600000US12140,12140,ZCTA5 12140,935,101
8600000US12143,12143,ZCTA5 12143,853,55
8600000US12144,12144,ZCTA5 12144,937,74
8600000US12147,12147,ZCTA5 12147,-,**
8600000US12148,12148,ZCTA5 12148,2625,2277
8600000US12149,12149,ZCTA5 12149,701,175
8600000US12150,12150,ZCTA5 12150,-,**
8600000US12151,12151,ZCTA5 12151,1053,113
8600000US12153,12153,ZCTA5 12153,-,**
8600000US12154,12154,ZCTA5 12154,703,82
8600000US12155,12155,ZCTA5 12155,700,155
8600000US12156,12156,ZCTA5 12156,685,188
8600000US12157,12157,ZCTA5 12157,730,107
8600000US12158,12158,ZCTA5 12158,946,149
8600000US12159,12159,ZCTA5 12159,1004,85
8600000US12160,12160,ZCTA5 12160,540,387
8600000US12161,12161,ZCTA5 12161,-,**
8600000US12164,12164,ZCTA5 12164,-,**
8600000US12165,12165,ZCTA5 12165,-,**
8600000US12166,12166,ZCTA5 12166,638,299
8600000US12167,12167,ZCTA5 12167,578,58
8600000US12168,12168,ZCTA5 12168,917,207
8600000US12169,12169,ZCTA5 12169,-,**
8600000US12170,12170,ZCTA5 12170,1218,427
8600000US12172,12172,ZCTA5 12172,1051,534
8600000US12173,12173,ZCTA5 12173,898,414
8600000US12174,12174,ZCTA5 12174,1005,308
8600000US12175,12175,ZCTA5 12175,881,73
8600000US12176,12176,ZCTA5 12176,-,**
8600000US12177,12177,ZCTA5 12177,-,**
8600000US12180,12180,ZCTA5 12180,875,20
8600000US12182,12182,ZCTA5 12182,773,52
8600000US12183,12183,ZCTA5 12183,868,34
8600000US12184,12184,ZCTA5 12184,916,132
8600000US12185,12185,ZCTA5 12185,800,326
8600000US12186,12186,ZCTA5 12186,934,48
8600000US12187,12187,ZCTA5 12187,-,**
8600000US12188,12188,ZCTA5 12188,863,73
8600000US12189,12189,ZCTA5 12189,831,25
8600000US12190,12190,ZCTA5 12190,944,155
8600000US12192,12192,ZCTA5 12192,643,37
8600000US12193,12193,ZCTA5 12193,-,**
8600000US12194,12194,ZCTA5 12194,-,**
8600000US12195,12195,ZCTA5 12195,861,406
8600000US12196,12196,ZCTA5 12196,769,97
8600000US12197,12197,ZCTA5 12197,700,75
8600000US12198,12198,ZCTA5 12198,967,167
8600000US12202,12202,ZCTA5 12202,715,27
8600000US12203,12203,ZCTA5 12203,963,33
8600000US12204,12204,ZCTA5 12204,953,26
8600000US12205,12205,ZCTA5 12205,1051,37
8600000US12206,12206,ZCTA5 12206,857,37
8600000US12207,12207,ZCTA5 12207,353,143
8600000US12208,12208,ZCTA5 12208,960,43
8600000US12209,12209,ZCTA5 12209,895,49
8600000US12210,12210,ZCTA5 12210,785,33
8600000US12211,12211,ZCTA5 12211,1518,746
8600000US12222,12222,ZCTA5 12222,-,**
8600000US12302,12302,ZCTA5 12302,946,69
8600000US12303,12303,ZCTA5 12303,818,49
8600000US12304,12304,ZCTA5 12304,855,23
8600000US12305,12305,ZCTA5 12305,676,32
8600000US12306,12306,ZCTA5 12306,895,49
8600000US12307,12307,ZCTA5 12307,816,60
8600000US12308,12308,ZCTA5 12308,813,21
8600000US12309,12309,ZCTA5 12309,1003,59
8600000US12401,12401,ZCTA5 12401,992,32
8600000US12404,12404,ZCTA5 12404,1205,151
8600000US12405,12405,ZCTA5 12405,802,351
8600000US12406,12406,ZCTA5 12406,734,296
8600000US12407,12407,ZCTA5 12407,-,**
8600000US12409,12409,ZCTA5 12409,1125,245
8600000US12410,12410,ZCTA5 12410,828,114
8600000US12411,12411,ZCTA5 12411,-,**
8600000US12412,12412,ZCTA5 12412,930,79
8600000US12413,12413,ZCTA5 12413,868,93
8600000US12414,12414,ZCTA5 12414,887,107
8600000US12416,12416,ZCTA5 12416,-,**
8600000US12417,12417,ZCTA5 12417,1042,246
8600000US12418,12418,ZCTA5 12418,-,**
8600000US12419,12419,ZCTA5 12419,934,207
8600000US12420,12420,ZCTA5 12420,-,**
8600000US12421,12421,ZCTA5 12421,-,**
8600000US12422,12422,ZCTA5 12422,-,**
8600000US12423,12423,ZCTA5 12423,810,164
8600000US12424,12424,ZCTA5 12424,917,793
8600000US12427,12427,ZCTA5 12427,-,**
8600000US12428,12428,ZCTA5 12428,922,102
8600000US12429,12429,ZCTA5 12429,-,**
8600000US12430,12430,ZCTA5 12430,597,175
8600000US12431,12431,ZCTA5 12431,1113,147
8600000US12432,12432,ZCTA5 12432,1099,88
8600000US12433,12433,ZCTA5 12433,-,**
8600000US12434,12434,ZCTA5 12434,575,194
8600000US12435,12435,ZCTA5 12435,1000,143
8600000US12436,12436,ZCTA5 12436,-,**
8600000US12438,12438,ZCTA5 12438,-,**
8600000US12439,12439,ZCTA5 12439,818,85
8600000US12440,12440,ZCTA5 12440,1201,257
8600000US12441,12441,ZCTA5 12441,-,**
8600000US12442,12442,ZCTA5 12442,240,171
8600000US12443,12443,ZCTA5 12443,1510,709
8600000US12444,12444,ZCTA5 12444,792,283
8600000US12446,12446,ZCTA5 12446,1005,143
8600000US12448,12448,ZCTA5 12448,-,**
8600000US12449,12449,ZCTA5 12449,1058,83
8600000US12450,12450,ZCTA5 12450,-,**
8600000US12451,12451,ZCTA5 12451,888,375
8600000US12452,12452,ZCTA5 12452,-,**
8600000US12453,12453,ZCTA5 12453,-,**
8600000US12454,12454,ZCTA5 12454,-,**
8600000US12455,12455,ZCTA5 12455,759,47
8600000US12456,12456,ZCTA5 12456,1313,413
8600000US12457,12457,ZCTA5 12457,755,388
8600000US12458,12458,ZCTA5 12458,768,99
8600000US12459,12459,ZCTA5 12459,-,**
8600000US12460,12460,ZCTA5 12460,-,**
8600000US12461,12461,ZCTA5 12461,820,185
8600000US12463,12463,ZCTA5 12463,625,235
8600000US12464,12464,ZCTA5 12464,732,152
8600000US12465,12465,ZCTA5 12465,-,**
8600000US12466,12466,ZCTA5 12466,967,290
8600000US12468,12468,ZCTA5 12468,690,317
8600000US12469,12469,ZCTA5 12469,-,**
8600000US12470,12470,ZCTA5 12470,838,264
8600000US12471,12471,ZCTA5 12471,1336,76
8600000US12472,12472,ZCTA5 12472,991,132
8600000US12473,12473,ZCTA5 12473,-,**
8600000US12474,12474,ZCTA5 12474,811,263
8600000US12475,12475,ZCTA5 12475,-,**
8600000US12477,12477,ZCTA5 12477,981,63
8600000US12480,12480,ZCTA5 12480,-,**
8600000US12481,12481,ZCTA5 12481,1019,636
8600000US12482,12482,ZCTA5 12482,622,145
8600000US12484,12484,ZCTA5 12484,1165,94
8600000US12485,12485,ZCTA5 12485,937,120
8600000US12486,12486,ZCTA5 12486,1446,287
8600000US12487,12487,ZCTA5 12487,1150,118
8600000US12489,12489,ZCTA5 12489,-,**
8600000US12490,12490,ZCTA5 12490,-,**
8600000US12491,12491,ZCTA5 12491,1281,469
8600000US12492,12492,ZCTA5 12492,-,**
8600000US12493,12493,ZCTA5 12493,964,220
8600000US12494,12494,ZCTA5 12494,-,**
8600000US12495,12495,ZCTA5 12495,-,**
8600000US12496,12496,ZCTA5 12496,754,448
8600000US12498,12498,ZCTA5 12498,1170,194
8600000US12501,12501,ZCTA5 12501,978,102
8600000US12502,12502,ZCTA5 12502,1431,225
8600000US12503,12503,ZCTA5 12503,1224,209
8600000US12504,12504,ZCTA5 12504,-,**
8600000US12507,12507,ZCTA5 12507,-,**
8600000US12508,12508,ZCTA5 12508,1166,52
8600000US12512,12512,ZCTA5 12512,-,**
8600000US12513,12513,ZCTA5 12513,-,**
8600000US12514,12514,ZCTA5 12514,956,667
8600000US12515,12515,ZCTA5 12515,980,122
8600000US12516,12516,ZCTA5 12516,1109,113
8600000US12517,12517,ZCTA5 12517,853,451
8600000US12518,12518,ZCTA5 12518,1297,257
8600000US12520,12520,ZCTA5 12520,1258,142
8600000US12521,12521,ZCTA5 12521,1076,55
8600000US12522,12522,ZCTA5 12522,1021,111
8600000US12523,12523,ZCTA5 12523,853,233
8600000US12524,12524,ZCTA5 12524,1338,66
8600000US12525,12525,ZCTA5 12525,1049,289
8600000US12526,12526,ZCTA5 12526,998,225
8600000US12527,12527,ZCTA5 12527,-,**
8600000US12528,12528,ZCTA5 12528,1066,71
8600000US12529,12529,ZCTA5 12529,1028,165
8600000US12530,12530,ZCTA5 12530,-,**
8600000US12531,12531,ZCTA5 12531,1357,242
8600000US12533,12533,ZCTA5 12533,1218,231
8600000US12534,12534,ZCTA5 12534,849,28
8600000US12538,12538,ZCTA5 12538,1008,82
8600000US12540,12540,ZCTA5 12540,1408,373
8600000US12542,12542,ZCTA5 12542,969,109
8600000US12543,12543,ZCTA5 12543,1103,66
8600000US12545,12545,ZCTA5 12545,1137,54
8600000US12546,12546,ZCTA5 12546,1268,179
8600000US12547,12547,ZCTA5 12547,1057,238
8600000US12548,12548,ZCTA5 12548,1071,299
8600000US12549,12549,ZCTA5 12549,1199,136
8600000US12550,12550,ZCTA5 12550,1125,26
8600000US12553,12553,ZCTA5 12553,1177,64
8600000US12561,12561,ZCTA5 12561,1095,66
8600000US12563,12563,ZCTA5 12563,1207,108
8600000US12564,12564,ZCTA5 12564,991,88
8600000US12565,12565,ZCTA5 12565,753,110
8600000US12566,12566,ZCTA5 12566,900,293
8600000US12567,12567,ZCTA5 12567,1019,201
8600000US12569,12569,ZCTA5 12569,1416,206
8600000US12570,12570,ZCTA5 12570,1198,217
8600000US12571,12571,ZCTA5 12571,1072,77
8600000US12572,12572,ZCTA5 12572,1013,105
8600000US12574,12574,ZCTA5 12574,-,**
8600000US12575,12575,ZCTA5 12575,-,**
8600000US12577,12577,ZCTA5 12577,1338,728
8600000US12578,12578,ZCTA5 12578,1180,432
8600000US12580,12580,ZCTA5 12580,1094,117
8600000US12581,12581,ZCTA5 12581,1060,312
8600000US12582,12582,ZCTA5 12582,1313,459
8600000US12583,12583,ZCTA5 12583,1288,193
8600000US12585,12585,ZCTA5 12585,-,**
8600000US12586,12586,ZCTA5 12586,1107,189
8600000US12589,12589,ZCTA5 12589,981,60
8600000US12590,12590,ZCTA5 12590,1258,69
8600000US12592,12592,ZCTA5 12592,828,261
8600000US12594,12594,ZCTA5 12594,933,109
8600000US12601,12601,ZCTA5 12601,1054,27
8600000US12603,12603,ZCTA5 12603,1135,37
8600000US12604,12604,ZCTA5 12604,-,**
8600000US12701,12701,ZCTA5 12701,793,50
8600000US12719,12719,ZCTA5 12719,695,422
8600000US12720,12720,ZCTA5 12720,-,**
8600000US12721,12721,ZCTA5 12721,997,119
8600000US12722,12722,ZCTA5 12722,-,**
8600000US12723,12723,ZCTA5 12723,856,271
8600000US12724,12724,ZCTA5 12724,-,**
8600000US12725,12725,ZCTA5 12725,-,**
8600000US12726,12726,ZCTA5 12726,934,50
8600000US12729,12729,ZCTA5 12729,1020,197
8600000US12732,12732,ZCTA5 12732,926,199
8600000US12733,12733,ZCTA5 12733,948,247
8600000US12734,12734,ZCTA5 12734,773,436
8600000US12736,12736,ZCTA5 12736,-,**
8600000US12737,12737,ZCTA5 12737,881,250
8600000US12738,12738,ZCTA5 12738,886,375
8600000US12740,12740,ZCTA5 12740,1071,173
8600000US12741,12741,ZCTA5 12741,669,208
8600000US12742,12742,ZCTA5 12742,597,352
8600000US12743,12743,ZCTA5 12743,1571,1191
8600000US12745,12745,ZCTA5 12745,-,**
8600000US12746,12746,ZCTA5 12746,1109,71
8600000US12747,12747,ZCTA5 12747,858,57
8600000US12748,12748,ZCTA5 12748,777,139
8600000US12749,12749,ZCTA5 12749,643,138
8600000US12750,12750,ZCTA5 12750,1223,149
8600000US12751,12751,ZCTA5 12751,961,416
8600000US12752,12752,ZCTA5 12752,631,348
8600000US12754,12754,ZCTA5 12754,756,50
8600000US12758,12758,ZCTA5 12758,978,92
8600000US12759,12759,ZCTA5 12759,797,79
8600000US12760,12760,ZCTA5 12760,925,646
8600000US12763,12763,ZCTA5 12763,780,35
8600000US12764,12764,ZCTA5 12764,663,188
8600000US12765,12765,ZCTA5 12765,832,203
8600000US12766,12766,ZCTA5 12766,-,**
8600000US12767,12767,ZCTA5 12767,-,**
8600000US12768,12768,ZCTA5 12768,927,221
8600000US12769,12769,ZCTA5 12769,-,**
8600000US12770,12770,ZCTA5 12770,-,**
8600000US12771,12771,ZCTA5 12771,927,49
8600000US12775,12775,ZCTA5 12775,1132,100
8600000US12776,12776,ZCTA5 12776,803,317
8600000US12777,12777,ZCTA5 12777,1286,494
8600000US12778,12778,ZCTA5 12778,1261,181
8600000US12779,12779,ZCTA5 12779,823,220
8600000US12780,12780,ZCTA5 12780,1178,365
8600000US12781,12781,ZCTA5 12781,-,**
8600000US12783,12783,ZCTA5 12783,871,88
8600000US12784,12784,ZCTA5 12784,-,**
8600000US12785,12785,ZCTA5 12785,1171,145
8600000US12786,12786,ZCTA5 12786,919,288
8600000US12787,12787,ZCTA5 12787,-,**
8600000US12788,12788,ZCTA5 12788,871,177
8600000US12789,12789,ZCTA5 12789,755,39
8600000US12790,12790,ZCTA5 12790,950,155
8600000US12791,12791,ZCTA5 12791,824,130
8600000US12792,12792,ZCTA5 12792,-,**
8600000US12801,12801,ZCTA5 12801,806,32
8600000US12803,12803,ZCTA5 12803,896,107
8600000US12804,12804,ZCTA5 12804,985,71
8600000US12808,12808,ZCTA5 12808,-,**
8600000US12809,12809,ZCTA5 12809,767,230
8600000US12810,12810,ZCTA5 12810,675,130
8600000US12811,12811,ZCTA5 12811,-,**
8600000US12812,12812,ZCTA5 12812,-,**
8600000US12814,12814,ZCTA5 12814,920,324
8600000US12815,12815,ZCTA5 12815,698,322
8600000US12816,12816,ZCTA5 12816,794,68
8600000US12817,12817,ZCTA5 12817,695,86
8600000US12821,12821,ZCTA5 12821,986,522
8600000US12822,12822,ZCTA5 12822,813,44
8600000US12823,12823,ZCTA5 12823,-,**
8600000US12824,12824,ZCTA5 12824,1235,208
8600000US12827,12827,ZCTA5 12827,926,88
8600000US12828,12828,ZCTA5 12828,855,140
8600000US12831,12831,ZCTA5 12831,1125,112
8600000US12832,12832,ZCTA5 12832,678,42
8600000US12833,12833,ZCTA5 12833,928,90
8600000US12834,12834,ZCTA5 12834,737,79
8600000US12835,12835,ZCTA5 12835,827,59
8600000US12836,12836,ZCTA5 12836,813,84
8600000US12837,12837,ZCTA5 12837,918,93
8600000US12838,12838,ZCTA5 12838,723,14
8600000US12839,12839,ZCTA5 12839,846,43
8600000US12841,12841,ZCTA5 12841,-,**
8600000US12842,12842,ZCTA5 12842,516,243
8600000US12843,12843,ZCTA5 12843,-,**
8600000US12844,12844,ZCTA5 12844,-,**
8600000US12845,12845,ZCTA5 12845,938,122
8600000US12846,12846,ZCTA5 12846,957,247
8600000US12847,12847,ZCTA5 12847,825,787
8600000US12849,12849,ZCTA5 12849,-,**
8600000US12850,12850,ZCTA5 12850,1442,203
8600000US12851,12851,ZCTA5 12851,625,419
8600000US12852,12852,ZCTA5 12852,625,247
8600000US12853,12853,ZCTA5 12853,905,289
8600000US12855,12855,ZCTA5 12855,595,195
8600000US12856,12856,ZCTA5 12856,-,**
8600000US12857,12857,ZCTA5 12857,883,398
8600000US12858,12858,ZCTA5 12858,-,**
8600000US12859,12859,ZCTA5 12859,1302,201
8600000US12860,12860,ZCTA5 12860,-,**
8600000US12861,12861,ZCTA5 12861,907,346
8600000US12862,12862,ZCTA5 12862,-,**
8600000US12863,12863,ZCTA5 12863,873,44
8600000US12864,12864,ZCTA5 12864,-,**
8600000US12865,12865,ZCTA5 12865,812,61
8600000US12866,12866,ZCTA5 12866,1053,74
8600000US12870,12870,ZCTA5 12870,691,284
8600000US12871,12871,ZCTA5 12871,861,89
8600000US12872,12872,ZCTA5 12872,-,**
8600000US12873,12873,ZCTA5 12873,-,**
8600000US12874,12874,ZCTA5 12874,-,**
8600000US12878,12878,ZCTA5 12878,790,232
8600000US12883,12883,ZCTA5 12883,823,148
8600000US12884,12884,ZCTA5 12884,944,106
8600000US12885,12885,ZCTA5 12885,733,64
8600000US12886,12886,ZCTA5 12886,-,**
8600000US12887,12887,ZCTA5 12887,803,74
8600000US12901,12901,ZCTA5 12901,738,36
8600000US12903,12903,ZCTA5 12903,1159,49
8600000US12910,12910,ZCTA5 12910,488,180
8600000US12911,12911,ZCTA5 12911,-,**
8600000US12912,12912,ZCTA5 12912,662,58
8600000US12913,12913,ZCTA5 12913,625,453
8600000US12914,12914,ZCTA5 12914,698,263
8600000US12916,12916,ZCTA5 12916,666,66
8600000US12917,12917,ZCTA5 12917,697,78
8600000US12918,12918,ZCTA5 12918,857,46
8600000US12919,12919,ZCTA5 12919,675,70
8600000US12920,12920,ZCTA5 12920,685,107
8600000US12921,12921,ZCTA5 12921,852,24
8600000US12922,12922,ZCTA5 12922,-,**
8600000US12923,12923,ZCTA5 12923,625,184
8600000US12924,12924,ZCTA5 12924,-,**
8600000US12926,12926,ZCTA5 12926,581,73
8600000US12927,12927,ZCTA5 12927,-,**
8600000US12928,12928,ZCTA5 12928,700,98
8600000US12929,12929,ZCTA5 12929,643,73
8600000US12930,12930,ZCTA5 12930,767,77
8600000US12932,12932,ZCTA5 12932,630,172
8600000US12933,12933,ZCTA5 12933,-,**
8600000US12934,12934,ZCTA5 12934,729,65
8600000US12935,12935,ZCTA5 12935,746,136
8600000US12937,12937,ZCTA5 12937,755,228
8600000US12939,12939,ZCTA5 12939,1396,1210
8600000US12941,12941,ZCTA5 12941,1008,236
8600000US12943,12943,ZCTA5 12943,1653,507
8600000US12944,12944,ZCTA5 12944,720,93
8600000US12945,12945,ZCTA5 12945,-,**
8600000US12946,12946,ZCTA5 12946,792,108
8600000US12950,12950,ZCTA5 12950,742,75
8600000US12952,12952,ZCTA5 12952,763,22
8600000US12953,12953,ZCTA5 12953,688,32
8600000US12955,12955,ZCTA5 12955,-,**
8600000US12956,12956,ZCTA5 12956,909,138
8600000US12957,12957,ZCTA5 12957,744,144
8600000US12958,12958,ZCTA5 12958,485,22
8600000US12959,12959,ZCTA5 12959,-,**
8600000US12960,12960,ZCTA5 12960,1089,430
8600000US12961,12961,ZCTA5 12961,-,**
8600000US12962,12962,ZCTA5 12962,877,88
8600000US12964,12964,ZCTA5 12964,-,**
8600000US12965,12965,ZCTA5 12965,629,223
8600000US12966,12966,ZCTA5 12966,797,169
8600000US12967,12967,ZCTA5 12967,494,349
8600000US12969,12969,ZCTA5 12969,-,**
8600000US12970,12970,ZCTA5 12970,1136,321
8600000US12972,12972,ZCTA5 12972,762,238
8600000US12973,12973,ZCTA5 12973,-,**
8600000US12974,12974,ZCTA5 12974,710,218
8600000US12975,12975,ZCTA5 12975,802,174
8600000US12976,12976,ZCTA5 12976,-,**
8600000US12977,12977,ZCTA5 12977,-,**
8600000US12978,12978,ZCTA5 12978,-,**
8600000US12979,12979,ZCTA5 12979,598,45
8600000US12980,12980,ZCTA5 12980,654,83
8600000US12981,12981,ZCTA5 12981,720,152
8600000US12983,12983,ZCTA5 12983,692,31
8600000US12985,12985,ZCTA5 12985,1140,41
8600000US12986,12986,ZCTA5 12986,611,55
8600000US12987,12987,ZCTA5 12987,-,**
8600000US12989,12989,ZCTA5 12989,700,175
8600000US12992,12992,ZCTA5 12992,744,119
8600000US12993,12993,ZCTA5 12993,892,159
8600000US12996,12996,ZCTA5 12996,759,113
8600000US12997,12997,ZCTA5 12997,888,300
8600000US12998,12998,ZCTA5 12998,871,617
8600000US13020,13020,ZCTA5 13020,-,**
8600000US13021,13021,ZCTA5 13021,667,24
8600000US13024,13024,ZCTA5 13024,-,**
8600000US13026,13026,ZCTA5 13026,711,81
8600000US13027,13027,ZCTA5 13027,819,27
8600000US13028,13028,ZCTA5 13028,932,151
8600000US13029,13029,ZCTA5 13029,987,181
8600000US13030,13030,ZCTA5 13030,707,161
8600000US13031,13031,ZCTA5 13031,867,33
8600000US13032,13032,ZCTA5 13032,738,62
8600000US13033,13033,ZCTA5 13033,694,64
8600000US13034,13034,ZCTA5 13034,625,231
8600000US13035,13035,ZCTA5 13035,819,59
8600000US13036,13036,ZCTA5 13036,744,34
8600000US13037,13037,ZCTA5 13037,728,68
8600000US13039,13039,ZCTA5 13039,832,65
8600000US13040,13040,ZCTA5 13040,759,84
8600000US13041,13041,ZCTA5 13041,1118,214
8600000US13042,13042,ZCTA5 13042,1039,121
8600000US13044,13044,ZCTA5 13044,775,172
8600000US13045,13045,ZCTA5 13045,684,21
8600000US13051,13051,ZCTA5 13051,740,51
8600000US13052,13052,ZCTA5 13052,575,128
8600000US13053,13053,ZCTA5 13053,766,56
8600000US13054,13054,ZCTA5 13054,722,535
8600000US13057,13057,ZCTA5 13057,777,42
8600000US13060,13060,ZCTA5 13060,792,163
8600000US13061,13061,ZCTA5 13061,1080,351
8600000US13062,13062,ZCTA5 13062,-,**
8600000US13063,13063,ZCTA5 13063,817,151
8600000US13064,13064,ZCTA5 13064,-,**
8600000US13066,13066,ZCTA5 13066,940,56
8600000US13068,13068,ZCTA5 13068,882,117
8600000US13069,13069,ZCTA5 13069,695,32
8600000US13071,13071,ZCTA5 13071,672,28
8600000US13072,13072,ZCTA5 13072,667,193
8600000US13073,13073,ZCTA5 13073,769,104
8600000US13074,13074,ZCTA5 13074,742,78
8600000US13076,13076,ZCTA5 13076,-,**
8600000US13077,13077,ZCTA5 13077,696,79
8600000US13078,13078,ZCTA5 13078,936,56
8600000US13080,13080,ZCTA5 13080,675,94
8600000US13081,13081,ZCTA5 13081,722,17
8600000US13082,13082,ZCTA5 13082,714,216
8600000US13083,13083,ZCTA5 13083,593,55
8600000US13084,13084,ZCTA5 13084,929,122
8600000US13087,13087,ZCTA5 13087,-,**
8600000US13088,13088,ZCTA5 13088,853,17
8600000US13090,13090,ZCTA5 13090,888,20
8600000US13092,13092,ZCTA5 13092,685,70
8600000US13101,13101,ZCTA5 13101,608,83
8600000US13102,13102,ZCTA5 13102,-,**
8600000US13103,13103,ZCTA5 13103,-,**
8600000US13104,13104,ZCTA5 13104,865,62
8600000US13108,13108,ZCTA5 13108,732,42
8600000US13110,13110,ZCTA5 13110,683,70
8600000US13111,13111,ZCTA5 13111,646,90
8600000US13112,13112,ZCTA5 13112,-,**
8600000US13113,13113,ZCTA5 13113,820,273
8600000US13114,13114,ZCTA5 13114,651,54
8600000US13115,13115,ZCTA5 13115,-,**
8600000US13116,13116,ZCTA5 13116,758,66
8600000US13117,13117,ZCTA5 13117,904,223
8600000US13118,13118,ZCTA5 13118,637,40
8600000US13120,13120,ZCTA5 13120,638,84
8600000US13122,13122,ZCTA5 13122,536,108
8600000US13123,13123,ZCTA5 13123,-,**
8600000US13124,13124,ZCTA5 13124,-,**
8600000US13126,13126,ZCTA5 13126,721,25
8600000US13131,13131,ZCTA5 13131,722,37
8600000US13132,13132,ZCTA5 13132,868,165
8600000US13134,13134,ZCTA5 13134,-,**
8600000US13135,13135,ZCTA5 13135,657,52
8600000US13136,13136,ZCTA5 13136,396,313
8600000US13138,13138,ZCTA5 13138,-,**
8600000US13140,13140,ZCTA5 13140,753,124
8600000US13141,13141,ZCTA5 13141,875,76
8600000US13142,13142,ZCTA5 13142,714,57
8600000US13143,13143,ZCTA5 13143,752,261
8600000US13144,13144,ZCTA5 13144,853,180
8600000US13145,13145,ZCTA5 13145,675,106
8600000US13146,13146,ZCTA5 13146,856,187
8600000US13147,13147,ZCTA5 13147,766,85
8600000US13148,13148,ZCTA5 13148,735,39
8600000US13152,13152,ZCTA5 13152,778,70
8600000US13153,13153,ZCTA5 13153,-,**
8600000US13155,13155,ZCTA5 13155,608,56
8600000US13156,13156,ZCTA5 13156,657,56
8600000US13157,13157,ZCTA5 13157,945,170
8600000US13158,13158,ZCTA5 13158,678,92
8600000US13159,13159,ZCTA5 13159,810,52
8600000US13160,13160,ZCTA5 13160,627,171
8600000US13162,13162,ZCTA5 13162,-,**
8600000US13163,13163,ZCTA5 13163,771,323
8600000US13164,13164,ZCTA5 13164,739,320
8600000US13165,13165,ZCTA5 13165,671,44
8600000US13166,13166,ZCTA5 13166,719,75
8600000US13167,13167,ZCTA5 13167,880,298
8600000US13202,13202,ZCTA5 13202,671,121
8600000US13203,13203,ZCTA5 13203,693,18
8600000US13204,13204,ZCTA5 13204,731,24
8600000US13205,13205,ZCTA5 13205,729,18
8600000US13206,13206,ZCTA5 13206,740,29
8600000US13207,13207,ZCTA5 13207,855,39
8600000US13208,13208,ZCTA5 13208,704,26
8600000US13209,13209,ZCTA5 13209,731,84
8600000US13210,13210,ZCTA5 13210,762,31
8600000US13211,13211,ZCTA5 13211,852,55
8600000US13212,13212,ZCTA5 13212,792,34
8600000US13214,13214,ZCTA5 13214,793,40
8600000US13215,13215,ZCTA5 13215,893,43
8600000US13219,13219,ZCTA5 13219,812,77
8600000US13224,13224,ZCTA5 13224,715,34
8600000US13290,13290,ZCTA5 13290,-,**
8600000US13301,13301,ZCTA5 13301,-,**
8600000US13302,13302,ZCTA5 13302,788,164
8600000US13303,13303,ZCTA5 13303,905,431
8600000US13304,13304,ZCTA5 13304,840,188
8600000US13305,13305,ZCTA5 13305,-,**
8600000US13308,13308,ZCTA5 13308,819,55
8600000US13309,13309,ZCTA5 13309,574,61
8600000US13310,13310,ZCTA5 13310,-,**
8600000US13312,13312,ZCTA5 13312,825,466
8600000US13313,13313,ZCTA5 13313,635,148
8600000US13314,13314,ZCTA5 13314,-,**
8600000US13315,13315,ZCTA5 13315,1088,653
8600000US13316,13316,ZCTA5 13316,674,76
8600000US13317,13317,ZCTA5 13317,763,178
8600000US13318,13318,ZCTA5 13318,725,329
8600000US13319,13319,ZCTA5 13319,806,152
8600000US13320,13320,ZCTA5 13320,921,71
8600000US13321,13321,ZCTA5 13321,695,45
8600000US13322,13322,ZCTA5 13322,659,44
8600000US13323,13323,ZCTA5 13323,958,108
8600000US13324,13324,ZCTA5 13324,720,308
8600000US13325,13325,ZCTA5 13325,1034,628
8600000US13326,13326,ZCTA5 13326,817,45
8600000US13327,13327,ZCTA5 13327,550,111
8600000US13328,13328,ZCTA5 13328,681,93
8600000US13329,13329,ZCTA5 13329,617,89
8600000US13331,13331,ZCTA5 13331,-,**
8600000US13332,13332,ZCTA5 13332,806,74
8600000US13333,13333,ZCTA5 13333,-,**
8600000US13334,13334,ZCTA5 13334,-,**
8600000US13335,13335,ZCTA5 13335,591,66
8600000US13337,13337,ZCTA5 13337,-,**
8600000US13338,13338,ZCTA5 13338,756,278
8600000US13339,13339,ZCTA5 13339,620,56
8600000US13340,13340,ZCTA5 13340,632,48
8600000US13341,13341,ZCTA5 13341,-,**
8600000US13342,13342,ZCTA5 13342,-,**
8600000US13343,13343,ZCTA5 13343,744,115
8600000US13345,13345,ZCTA5 13345,-,**
8600000US13346,13346,ZCTA5 13346,839,233
8600000US13348,13348,ZCTA5 13348,566,199
8600000US13350,13350,ZCTA5 13350,651,59
8600000US13352,13352,ZCTA5 13352,-,**
8600000US13353,13353,ZCTA5 13353,-,**
8600000US13354,13354,ZCTA5 13354,585,163
8600000US13355,13355,ZCTA5 13355,783,116
8600000US13357,13357,ZCTA5 13357,608,57
8600000US13360,13360,ZCTA5 13360,563,153
8600000US13361,13361,ZCTA5 13361,725,310
8600000US13362,13362,ZCTA5 13362,-,**
8600000US13363,13363,ZCTA5 13363,954,50
8600000US13364,13364,ZCTA5 13364,-,**
8600000US13365,13365,ZCTA5 13365,596,43
8600000US13367,13367,ZCTA5 13367,659,54
8600000US13368,13368,ZCTA5 13368,708,158
8600000US13402,13402,ZCTA5 13402,522,291
8600000US13403,13403,ZCTA5 13403,888,122
8600000US13404,13404,ZCTA5 13404,527,68
8600000US13406,13406,ZCTA5 13406,789,145
8600000US13407,13407,ZCTA5 13407,590,63
8600000US13408,13408,ZCTA5 13408,576,166
8600000US13409,13409,ZCTA5 13409,704,59
8600000US13410,13410,ZCTA5 13410,493,227
8600000US13411,13411,ZCTA5 13411,610,166
8600000US13413,13413,ZCTA5 13413,799,60
8600000US13415,13415,ZCTA5 13415,-,**
8600000US13416,13416,ZCTA5 13416,564,35
8600000US13417,13417,ZCTA5 13417,743,118
8600000US13418,13418,ZCTA5 13418,-,**
8600000US13420,13420,ZCTA5 13420,620,45
8600000US13421,13421,ZCTA5 13421,685,49
8600000US13424,13424,ZCTA5 13424,692,124
8600000US13425,13425,ZCTA5 13425,638,180
8600000US13428,13428,ZCTA5 13428,453,137
8600000US13431,13431,ZCTA5 13431,821,197
8600000US13433,13433,ZCTA5 13433,714,55
8600000US13435,13435,ZCTA5 13435,625,531
8600000US13436,13436,ZCTA5 13436,-,**
8600000US13437,13437,ZCTA5 13437,-,**
8600000US13438,13438,ZCTA5 13438,768,95
8600000US13439,13439,ZCTA5 13439,712,83
8600000US13440,13440,ZCTA5 13440,717,20
8600000US13441,13441,ZCTA5 13441,-,**
8600000US13450,13450,ZCTA5 13450,-,**
8600000US13452,13452,ZCTA5 13452,624,42
8600000US13454,13454,ZCTA5 13454,664,170
8600000US13456,13456,ZCTA5 13456,734,255
8600000US13459,13459,ZCTA5 13459,750,142
8600000US13460,13460,ZCTA5 13460,617,67
8600000US13461,13461,ZCTA5 13461,601,83
8600000US13464,13464,ZCTA5 13464,639,156
8600000US13468,13468,ZCTA5 13468,767,382
8600000US13469,13469,ZCTA5 13469,-,**
8600000US13470,13470,ZCTA5 13470,704,370
8600000US13471,13471,ZCTA5 13471,832,71
8600000US13472,13472,ZCTA5 13472,-,**
8600000US13473,13473,ZCTA5 13473,963,235
8600000US13475,13475,ZCTA5 13475,-,**
8600000US13476,13476,ZCTA5 13476,816,197
8600000US13477,13477,ZCTA5 13477,688,128
8600000US13478,13478,ZCTA5 13478,621,17
8600000US13480,13480,ZCTA5 13480,603,44
8600000US13483,13483,ZCTA5 13483,713,114
8600000US13484,13484,ZCTA5 13484,-,**
8600000US13485,13485,ZCTA5 13485,803,161
8600000US13486,13486,ZCTA5 13486,730,331
8600000US13488,13488,ZCTA5 13488,688,335
8600000US13489,13489,ZCTA5 13489,675,336
8600000US13490,13490,ZCTA5 13490,839,400
8600000US13491,13491,ZCTA5 13491,649,37
8600000US13492,13492,ZCTA5 13492,651,57
8600000US13493,13493,ZCTA5 13493,911,279
8600000US13494,13494,ZCTA5 13494,-,**
8600000US13495,13495,ZCTA5 13495,675,102
8600000US13501,13501,ZCTA5 13501,663,22
8600000US13502,13502,ZCTA5 13502,673,22
8600000US13601,13601,ZCTA5 13601,830,28
8600000US13602,13602,ZCTA5 13602,1361,341
8600000US13603,13603,ZCTA5 13603,1353,35
8600000US13605,13605,ZCTA5 13605,717,50
8600000US13606,13606,ZCTA5 13606,793,129
8600000US13607,13607,ZCTA5 13607,765,77
8600000US13608,13608,ZCTA5 13608,766,111
8600000US13612,13612,ZCTA5 13612,916,96
8600000US13613,13613,ZCTA5 13613,756,233
8600000US13614,13614,ZCTA5 13614,-,**
8600000US13615,13615,ZCTA5 13615,672,205
8600000US13616,13616,ZCTA5 13616,1163,70
8600000US13617,13617,ZCTA5 13617,751,108
8600000US13618,13618,ZCTA5 13618,651,311
8600000US13619,13619,ZCTA5 13619,935,72
8600000US13620,13620,ZCTA5 13620,615,70
8600000US13621,13621,ZCTA5 13621,1018,603
8600000US13622,13622,ZCTA5 13622,1042,324
8600000US13623,13623,ZCTA5 13623,-,**
8600000US13624,13624,ZCTA5 13624,1009,164
8600000US13625,13625,ZCTA5 13625,800,152
8600000US13626,13626,ZCTA5 13626,1050,88
8600000US13628,13628,ZCTA5 13628,917,579
8600000US13630,13630,ZCTA5 13630,688,315
8600000US13634,13634,ZCTA5 13634,697,196
8600000US13635,13635,ZCTA5 13635,744,159
8600000US13637,13637,ZCTA5 13637,1202,46
8600000US13638,13638,ZCTA5 13638,989,373
8600000US13639,13639,ZCTA5 13639,-,**
8600000US13640,13640,ZCTA5 13640,-,**
8600000US13641,13641,ZCTA5 13641,-,**
8600000US13642,13642,ZCTA5 13642,720,69
8600000US13643,13643,ZCTA5 13643,-,**
8600000US13646,13646,ZCTA5 13646,639,54
8600000US13647,13647,ZCTA5 13647,-,**
8600000US13648,13648,ZCTA5 13648,642,28
8600000US13651,13651,ZCTA5 13651,1125,662
8600000US13652,13652,ZCTA5 13652,608,116
8600000US13654,13654,ZCTA5 13654,543,100
8600000US13655,13655,ZCTA5 13655,492,271
8600000US13656,13656,ZCTA5 13656,748,222
8600000US13658,13658,ZCTA5 13658,632,101
8600000US13659,13659,ZCTA5 13659,828,131
8600000US13660,13660,ZCTA5 13660,645,164
8600000US13661,13661,ZCTA5 13661,843,50
8600000US13662,13662,ZCTA5 13662,717,32
8600000US13664,13664,ZCTA5 13664,956,40
8600000US13665,13665,ZCTA5 13665,843,88
8600000US13666,13666,ZCTA5 13666,1538,1254
8600000US13667,13667,ZCTA5 13667,742,99
8600000US13668,13668,ZCTA5 13668,678,84
8600000US13669,13669,ZCTA5 13669,611,39
8600000US13670,13670,ZCTA5 13670,765,173
8600000US13672,13672,ZCTA5 13672,668,243
8600000US13673,13673,ZCTA5 13673,671,93
8600000US13674,13674,ZCTA5 13674,-,**
8600000US13675,13675,ZCTA5 13675,-,**
8600000US13676,13676,ZCTA5 13676,734,36
8600000US13677,13677,ZCTA5 13677,-,**
8600000US13678,13678,ZCTA5 13678,469,339
8600000US13679,13679,ZCTA5 13679,1085,273
8600000US13680,13680,ZCTA5 13680,822,130
8600000US13681,13681,ZCTA5 13681,669,93
8600000US13684,13684,ZCTA5 13684,611,82
8600000US13685,13685,ZCTA5 13685,999,105
8600000US13687,13687,ZCTA5 13687,1150,523
8600000US13690,13690,ZCTA5 13690,461,72
8600000US13691,13691,ZCTA5 13691,969,70
8600000US13692,13692,ZCTA5 13692,-,**
8600000US13693,13693,ZCTA5 13693,1172,1074
8600000US13694,13694,ZCTA5 13694,770,208
8600000US13695,13695,ZCTA5 13695,-,**
8600000US13696,13696,ZCTA5 13696,-,**
8600000US13697,13697,ZCTA5 13697,570,253
8600000US13730,13730,ZCTA5 13730,587,56
8600000US13731,13731,ZCTA5 13731,845,90
8600000US13732,13732,ZCTA5 13732,666,25
8600000US13733,13733,ZCTA5 13733,711,37
8600000US13734,13734,ZCTA5 13734,591,39
8600000US13736,13736,ZCTA5 13736,924,129
8600000US13739,13739,ZCTA5 13739,658,241
8600000US13740,13740,ZCTA5 13740,950,253
8600000US13743,13743,ZCTA5 13743,543,82
8600000US13744,13744,ZCTA5 13744,730,39
8600000US13746,13746,ZCTA5 13746,831,39
8600000US13748,13748,ZCTA5 13748,663,59
8600000US13750,13750,ZCTA5 13750,699,221
8600000US13751,13751,ZCTA5 13751,-,**
8600000US13752,13752,ZCTA5 13752,847,68
8600000US13753,13753,ZCTA5 13753,773,57
8600000US13754,13754,ZCTA5 13754,676,61
8600000US13755,13755,ZCTA5 13755,656,179
8600000US13756,13756,ZCTA5 13756,699,235
8600000US13757,13757,ZCTA5 13757,825,372
8600000US13760,13760,ZCTA5 13760,719,18
8600000US13774,13774,ZCTA5 13774,-,**
8600000US13775,13775,ZCTA5 13775,633,85
8600000US13776,13776,ZCTA5 13776,585,404
8600000US13777,13777,ZCTA5 13777,700,228
8600000US13778,13778,ZCTA5 13778,622,33
8600000US13780,13780,ZCTA5 13780,-,**
8600000US13782,13782,ZCTA5 13782,608,388
8600000US13783,13783,ZCTA5 13783,558,64
8600000US13784,13784,ZCTA5 13784,871,502
8600000US13786,13786,ZCTA5 13786,950,82
8600000US13787,13787,ZCTA5 13787,674,160
8600000US13788,13788,ZCTA5 13788,703,122
8600000US13790,13790,ZCTA5 13790,736,26
8600000US13794,13794,ZCTA5 13794,-,**
8600000US13795,13795,ZCTA5 13795,682,22
8600000US13796,13796,ZCTA5 13796,768,343
8600000US13797,13797,ZCTA5 13797,750,210
8600000US13801,13801,ZCTA5 13801,621,77
8600000US13802,13802,ZCTA5 13802,-,**
8600000US13803,13803,ZCTA5 13803,653,186
8600000US13804,13804,ZCTA5 13804,514,74
8600000US13806,13806,ZCTA5 13806,-,**
8600000US13807,13807,ZCTA5 13807,650,403
8600000US13808,13808,ZCTA5 13808,663,64
8600000US13809,13809,ZCTA5 13809,587,417
8600000US13810,13810,ZCTA5 13810,647,44
8600000US13811,13811,ZCTA5 13811,613,116
8600000US13812,13812,ZCTA5 13812,617,47
8600000US13813,13813,ZCTA5 13813,-,**
8600000US13815,13815,ZCTA5 13815,630,50
8600000US13820,13820,ZCTA5 13820,831,39
8600000US13825,13825,ZCTA5 13825,723,30
8600000US13826,13826,ZCTA5 13826,-,**
8600000US13827,13827,ZCTA5 13827,613,53
8600000US13830,13830,ZCTA5 13830,667,54
8600000US13832,13832,ZCTA5 13832,731,204
8600000US13833,13833,ZCTA5 13833,672,92
8600000US13834,13834,ZCTA5 13834,-,**
8600000US13835,13835,ZCTA5 13835,633,71
8600000US13838,13838,ZCTA5 13838,640,73
8600000US13839,13839,ZCTA5 13839,670,35
8600000US13841,13841,ZCTA5 13841,708,430
8600000US13842,13842,ZCTA5 13842,-,**
8600000US13843,13843,ZCTA5 13843,731,45
8600000US13845,13845,ZCTA5 13845,-,**
8600000US13846,13846,ZCTA5 13846,-,**
8600000US13847,13847,ZCTA5 13847,-,**
8600000US13849,13849,ZCTA5 13849,613,153
8600000US13850,13850,ZCTA5 13850,892,65
8600000US13856,13856,ZCTA5 13856,597,71
8600000US13859,13859,ZCTA5 13859,1047,626
8600000US13860,13860,ZCTA5 13860,-,**
8600000US13861,13861,ZCTA5 13861,-,**
8600000US13862,13862,ZCTA5 13862,658,121
8600000US13863,13863,ZCTA5 13863,443,375
8600000US13864,13864,ZCTA5 13864,929,708
8600000US13865,13865,ZCTA5 13865,585,45
8600000US13901,13901,ZCTA5 13901,611,30
8600000US13902,13902,ZCTA5 13902,-,**
8600000US13903,13903,ZCTA5 13903,654,24
8600000US13904,13904,ZCTA5 13904,655,61
8600000US13905,13905,ZCTA5 13905,698,36
8600000US14001,14001,ZCTA5 14001,744,103
8600000US14004,14004,ZCTA5 14004,779,95
8600000US14005,14005,ZCTA5 14005,746,293
8600000US14006,14006,ZCTA5 14006,756,82
8600000US14009,14009,ZCTA5 14009,607,55
8600000US14011,14011,ZCTA5 14011,600,29
8600000US14012,14012,ZCTA5 14012,609,67
8600000US14013,14013,ZCTA5 14013,775,290
8600000US14020,14020,ZCTA5 14020,717,28
8600000US14024,14024,ZCTA5 14024,644,221
8600000US14025,14025,ZCTA5 14025,662,209
8600000US14026,14026,ZCTA5 14026,655,245
8600000US14028,14028,ZCTA5 14028,833,383
8600000US14030,14030,ZCTA5 14030,826,116
8600000US14031,14031,ZCTA5 14031,683,104
8600000US14032,14032,ZCTA5 14032,995,378
8600000US14033,14033,ZCTA5 14033,628,113
8600000US14034,14034,ZCTA5 14034,623,97
8600000US14035,14035,ZCTA5 14035,-,**
8600000US14036,14036,ZCTA5 14036,790,70
8600000US14037,14037,ZCTA5 14037,524,90
8600000US14039,14039,ZCTA5 14039,519,13
8600000US14040,14040,ZCTA5 14040,691,46
8600000US14042,14042,ZCTA5 14042,615,45
8600000US14043,14043,ZCTA5 14043,750,29
8600000US14047,14047,ZCTA5 14047,742,164
8600000US14048,14048,ZCTA5 14048,616,40
8600000US14051,14051,ZCTA5 14051,1413,243
8600000US14052,14052,ZCTA5 14052,732,33
8600000US14054,14054,ZCTA5 14054,710,137
8600000US14055,14055,ZCTA5 14055,496,159
8600000US14057,14057,ZCTA5 14057,570,40
8600000US14058,14058,ZCTA5 14058,717,110
8600000US14059,14059,ZCTA5 14059,675,149
8600000US14060,14060,ZCTA5 14060,920,202
8600000US14061,14061,ZCTA5 14061,765,91
8600000US14062,14062,ZCTA5 14062,656,53
8600000US14063,14063,ZCTA5 14063,642,62
8600000US14065,14065,ZCTA5 14065,554,167
8600000US14066,14066,ZCTA5 14066,611,68
8600000US14067,14067,ZCTA5 14067,643,80
8600000US14068,14068,ZCTA5 14068,1029,71
8600000US14069,14069,ZCTA5 14069,405,57
8600000US14070,14070,ZCTA5 14070,622,39
8600000US14072,14072,ZCTA5 14072,915,39
8600000US14075,14075,ZCTA5 14075,772,33
8600000US14080,14080,ZCTA5 14080,550,145
8600000US14081,14081,ZCTA5 14081,686,107
8600000US14082,14082,ZCTA5 14082,689,355
8600000US14085,14085,ZCTA5 14085,1058,429
8600000US14086,14086,ZCTA5 14086,716,70
8600000US14091,14091,ZCTA5 14091,548,34
8600000US14092,14092,ZCTA5 14092,860,89
8600000US14094,14094,ZCTA5 14094,626,21
8600000US14098,14098,ZCTA5 14098,830,241
8600000US14101,14101,ZCTA5 14101,775,44
8600000US14102,14102,ZCTA5 14102,613,83
8600000US14103,14103,ZCTA5 14103,661,47
8600000US14105,14105,ZCTA5 14105,642,107
8600000US14108,14108,ZCTA5 14108,585,113
8600000US14109,14109,ZCTA5 14109,-,**
8600000US14111,14111,ZCTA5 14111,593,71
8600000US14112,14112,ZCTA5 14112,-,**
8600000US14113,14113,ZCTA5 14113,588,145
8600000US14120,14120,ZCTA5 14120,668,18
8600000US14125,14125,ZCTA5 14125,580,30
8600000US14126,14126,ZCTA5 14126,784,239
8600000US14127,14127,ZCTA5 14127,892,24
8600000US14129,14129,ZCTA5 14129,598,199
8600000US14130,14130,ZCTA5 14130,688,107
8600000US14131,14131,ZCTA5 14131,987,208
8600000US14132,14132,ZCTA5 14132,548,142
8600000US14134,14134,ZCTA5 14134,-,**
8600000US14135,14135,ZCTA5 14135,-,**
8600000US14136,14136,ZCTA5 14136,681,24
8600000US14138,14138,ZCTA5 14138,643,110
8600000US14139,14139,ZCTA5 14139,724,128
8600000US14141,14141,ZCTA5 14141,594,30
8600000US14143,14143,ZCTA5 14143,704,160
8600000US14145,14145,ZCTA5 14145,577,147
8600000US14150,14150,ZCTA5 14150,765,25
8600000US14167,14167,ZCTA5 14167,656,155
8600000US14168,14168,ZCTA5 14168,-,**
8600000US14169,14169,ZCTA5 14169,-,**
8600000US14170,14170,ZCTA5 14170,640,169
8600000US14171,14171,ZCTA5 14171,623,101
8600000US14172,14172,ZCTA5 14172,669,97
8600000US14174,14174,ZCTA5 14174,713,92
8600000US14201,14201,ZCTA5 14201,647,31
8600000US14202,14202,ZCTA5 14202,544,71
8600000US14203,14203,ZCTA5 14203,729,128
8600000US14204,14204,ZCTA5 14204,495,43
8600000US14206,14206,ZCTA5 14206,599,35
8600000US14207,14207,ZCTA5 14207,640,24
8600000US14208,14208,ZCTA5 14208,725,69
8600000US14209,14209,ZCTA5 14209,721,35
8600000US14210,14210,ZCTA5 14210,681,39
8600000US14211,14211,ZCTA5 14211,695,27
8600000US14212,14212,ZCTA5 14212,610,25
8600000US14213,14213,ZCTA5 14213,717,17
8600000US14214,14214,ZCTA5 14214,767,34
8600000US14215,14215,ZCTA5 14215,723,16
8600000US14216,14216,ZCTA5 14216,770,20
8600000US14217,14217,ZCTA5 14217,681,23
8600000US14218,14218,ZCTA5 14218,608,21
8600000US14219,14219,ZCTA5 14219,730,29
8600000US14220,14220,ZCTA5 14220,686,26
8600000US14221,14221,ZCTA5 14221,1146,54
8600000US14222,14222,ZCTA5 14222,790,26
8600000US14223,14223,ZCTA5 14223,771,16
8600000US14224,14224,ZCTA5 14224,749,23
8600000US14225,14225,ZCTA5 14225,718,16
8600000US14226,14226,ZCTA5 14226,840,20
8600000US14227,14227,ZCTA5 14227,826,16
8600000US14228,14228,ZCTA5 14228,914,42
8600000US14261,14261,ZCTA5 14261,-,**
8600000US14301,14301,ZCTA5 14301,586,42
8600000US14302,14302,ZCTA5 14302,-,**
8600000US14303,14303,ZCTA5 14303,670,94
8600000US14304,14304,ZCTA5 14304,678,28
8600000US14305,14305,ZCTA5 14305,659,40
8600000US14411,14411,ZCTA5 14411,610,41
8600000US14414,14414,ZCTA5 14414,789,66
8600000US14415,14415,ZCTA5 14415,-,**
8600000US14416,14416,ZCTA5 14416,738,109
8600000US14418,14418,ZCTA5 14418,976,113
8600000US14420,14420,ZCTA5 14420,776,49
8600000US14422,14422,ZCTA5 14422,764,97
8600000US14423,14423,ZCTA5 14423,739,41
8600000US14424,14424,ZCTA5 14424,833,25
8600000US14425,14425,ZCTA5 14425,980,62
8600000US14427,14427,ZCTA5 14427,654,43
8600000US14428,14428,ZCTA5 14428,912,176
8600000US14432,14432,ZCTA5 14432,754,57
8600000US14433,14433,ZCTA5 14433,756,61
8600000US14435,14435,ZCTA5 14435,873,100
8600000US14437,14437,ZCTA5 14437,655,88
8600000US14441,14441,ZCTA5 14441,923,277
8600000US14445,14445,ZCTA5 14445,845,23
8600000US14450,14450,ZCTA5 14450,916,37
8600000US14454,14454,ZCTA5 14454,752,39
8600000US14456,14456,ZCTA5 14456,725,21
8600000US14462,14462,ZCTA5 14462,650,327
8600000US14464,14464,ZCTA5 14464,759,102
8600000US14466,14466,ZCTA5 14466,564,129
8600000US14467,14467,ZCTA5 14467,883,98
8600000US14468,14468,ZCTA5 14468,907,88
8600000US14469,14469,ZCTA5 14469,711,32
8600000US14470,14470,ZCTA5 14470,660,35
8600000US14471,14471,ZCTA5 14471,1034,596
8600000US14472,14472,ZCTA5 14472,772,43
8600000US14475,14475,ZCTA5 14475,-,**
8600000US14476,14476,ZCTA5 14476,735,176
8600000US14477,14477,ZCTA5 14477,-,**
8600000US14478,14478,ZCTA5 14478,-,**
8600000US14479,14479,ZCTA5 14479,626,25
8600000US14480,14480,ZCTA5 14480,856,259
8600000US14481,14481,ZCTA5 14481,774,46
8600000US14482,14482,ZCTA5 14482,778,74
8600000US14485,14485,ZCTA5 14485,665,32
8600000US14486,14486,ZCTA5 14486,-,**
8600000US14487,14487,ZCTA5 14487,834,81
8600000US14489,14489,ZCTA5 14489,637,50
8600000US14502,14502,ZCTA5 14502,755,43
8600000US14504,14504,ZCTA5 14504,865,34
8600000US14505,14505,ZCTA5 14505,699,210
8600000US14506,14506,ZCTA5 14506,-,**
8600000US14507,14507,ZCTA5 14507,723,75
8600000US14510,14510,ZCTA5 14510,680,65
8600000US14511,14511,ZCTA5 14511,-,**
8600000US14512,14512,ZCTA5 14512,683,102
8600000US14513,14513,ZCTA5 14513,657,34
8600000US14514,14514,ZCTA5 14514,852,61
8600000US14516,14516,ZCTA5 14516,807,357
8600000US14517,14517,ZCTA5 14517,552,130
8600000US14519,14519,ZCTA5 14519,760,94
8600000US14521,14521,ZCTA5 14521,666,85
8600000US14522,14522,ZCTA5 14522,709,42
8600000US14525,14525,ZCTA5 14525,652,69
8600000US14526,14526,ZCTA5 14526,873,78
8600000US14527,14527,ZCTA5 14527,660,45
8600000US14529,14529,ZCTA5 14529,-,**
8600000US14530,14530,ZCTA5 14530,591,63
8600000US14532,14532,ZCTA5 14532,713,35
8600000US14533,14533,ZCTA5 14533,720,150
8600000US14534,14534,ZCTA5 14534,1132,77
8600000US14536,14536,ZCTA5 14536,600,71
8600000US14537,14537,ZCTA5 14537,-,**
8600000US14539,14539,ZCTA5 14539,-,**
8600000US14541,14541,ZCTA5 14541,886,58
8600000US14542,14542,ZCTA5 14542,-,**
8600000US14543,14543,ZCTA5 14543,903,74
8600000US14544,14544,ZCTA5 14544,564,305
8600000US14545,14545,ZCTA5 14545,-,**
8600000US14546,14546,ZCTA5 14546,943,37
8600000US14548,14548,ZCTA5 14548,699,114
8600000US14549,14549,ZCTA5 14549,-,**
8600000US14550,14550,ZCTA5 14550,575,100
8600000US14551,14551,ZCTA5 14551,681,150
8600000US14555,14555,ZCTA5 14555,912,310
8600000US14559,14559,ZCTA5 14559,849,75
8600000US14560,14560,ZCTA5 14560,746,323
8600000US14561,14561,ZCTA5 14561,710,117
8600000US14564,14564,ZCTA5 14564,1322,66
8600000US14568,14568,ZCTA5 14568,766,137
8600000US14569,14569,ZCTA5 14569,562,34
8600000US14571,14571,ZCTA5 14571,-,**
8600000US14572,14572,ZCTA5 14572,694,58
8600000US14580,14580,ZCTA5 14580,941,36
8600000US14585,14585,ZCTA5 14585,-,**
8600000US14586,14586,ZCTA5 14586,1122,72
8600000US14588,14588,ZCTA5 14588,-,**
8600000US14589,14589,ZCTA5 14589,649,147
8600000US14590,14590,ZCTA5 14590,521,43
8600000US14591,14591,ZCTA5 14591,683,147
8600000US14592,14592,ZCTA5 14592,-,**
8600000US14604,14604,ZCTA5 14604,515,90
8600000US14605,14605,ZCTA5 14605,666,23
8600000US14606,14606,ZCTA5 14606,803,32
8600000US14607,14607,ZCTA5 14607,772,19
8600000US14608,14608,ZCTA5 14608,720,39
8600000US14609,14609,ZCTA5 14609,815,30
8600000US14610,14610,ZCTA5 14610,851,25
8600000US14611,14611,ZCTA5 14611,778,24
8600000US14612,14612,ZCTA5 14612,821,25
8600000US14613,14613,ZCTA5 14613,759,26
8600000US14615,14615,ZCTA5 14615,807,48
8600000US14616,14616,ZCTA5 14616,828,26
8600000US14617,14617,ZCTA5 14617,840,25
8600000US14618,14618,ZCTA5 14618,959,31
8600000US14619,14619,ZCTA5 14619,944,53
8600000US14620,14620,ZCTA5 14620,825,18
8600000US14621,14621,ZCTA5 14621,736,17
8600000US14622,14622,ZCTA5 14622,841,27
8600000US14623,14623,ZCTA5 14623,927,31
8600000US14624,14624,ZCTA5 14624,892,36
8600000US14625,14625,ZCTA5 14625,1017,95
8600000US14626,14626,ZCTA5 14626,922,44
8600000US14627,14627,ZCTA5 14627,-,**
8600000US14701,14701,ZCTA5 14701,595,18
8600000US14706,14706,ZCTA5 14706,645,143
8600000US14707,14707,ZCTA5 14707,-,**
8600000US14708,14708,ZCTA5 14708,-,**
8600000US14709,14709,ZCTA5 14709,566,44
8600000US14710,14710,ZCTA5 14710,813,121
8600000US14711,14711,ZCTA5 14711,544,112
8600000US14712,14712,ZCTA5 14712,658,213
8600000US14714,14714,ZCTA5 14714,829,91
8600000US14715,14715,ZCTA5 14715,576,53
8600000US14716,14716,ZCTA5 14716,556,49
8600000US14717,14717,ZCTA5 14717,540,138
8600000US14718,14718,ZCTA5 14718,695,110
8600000US14719,14719,ZCTA5 14719,536,57
8600000US14720,14720,ZCTA5 14720,654,109
8600000US14721,14721,ZCTA5 14721,-,**
8600000US14722,14722,ZCTA5 14722,-,**
8600000US14723,14723,ZCTA5 14723,710,111
8600000US14724,14724,ZCTA5 14724,755,150
8600000US14726,14726,ZCTA5 14726,641,115
8600000US14727,14727,ZCTA5 14727,671,83
8600000US14728,14728,ZCTA5 14728,-,**
8600000US14729,14729,ZCTA5 14729,531,148
8600000US14731,14731,ZCTA5 14731,631,97
8600000US14732,14732,ZCTA5 14732,-,**
8600000US14733,14733,ZCTA5 14733,573,61
8600000US14735,14735,ZCTA5 14735,564,55
8600000US14737,14737,ZCTA5 14737,651,53
8600000US14738,14738,ZCTA5 14738,510,117
8600000US14739,14739,ZCTA5 14739,641,115
8600000US14740,14740,ZCTA5 14740,738,222
8600000US14741,14741,ZCTA5 14741,743,447
8600000US14742,14742,ZCTA5 14742,-,**
8600000US14743,14743,ZCTA5 14743,650,158
8600000US14744,14744,ZCTA5 14744,760,359
8600000US14747,14747,ZCTA5 14747,487,26
8600000US14748,14748,ZCTA5 14748,535,46
8600000US14750,14750,ZCTA5 14750,679,88
8600000US14752,14752,ZCTA5 14752,-,**
8600000US14753,14753,ZCTA5 14753,529,221
8600000US14754,14754,ZCTA5 14754,571,105
8600000US14755,14755,ZCTA5 14755,543,83
8600000US14756,14756,ZCTA5 14756,-,**
8600000US14757,14757,ZCTA5 14757,659,84
8600000US14760,14760,ZCTA5 14760,622,30
8600000US14767,14767,ZCTA5 14767,629,228
8600000US14769,14769,ZCTA5 14769,571,51
8600000US14770,14770,ZCTA5 14770,637,38
8600000US14772,14772,ZCTA5 14772,557,32
8600000US14774,14774,ZCTA5 14774,650,45
8600000US14775,14775,ZCTA5 14775,586,50
8600000US14777,14777,ZCTA5 14777,722,273
8600000US14778,14778,ZCTA5 14778,-,**
8600000US14779,14779,ZCTA5 14779,607,21
8600000US14781,14781,ZCTA5 14781,550,191
8600000US14782,14782,ZCTA5 14782,650,165
8600000US14783,14783,ZCTA5 14783,429,291
8600000US14784,14784,ZCTA5 14784,705,48
8600000US14787,14787,ZCTA5 14787,611,108
8600000US14788,14788,ZCTA5 14788,425,239
8600000US14801,14801,ZCTA5 14801,610,44
8600000US14802,14802,ZCTA5 14802,759,95
8600000US14803,14803,ZCTA5 14803,645,124
8600000US14804,14804,ZCTA5 14804,616,78
8600000US14805,14805,ZCTA5 14805,788,303
8600000US14806,14806,ZCTA5 14806,668,41
8600000US14807,14807,ZCTA5 14807,690,94
8600000US14808,14808,ZCTA5 14808,723,153
8600000US14809,14809,ZCTA5 14809,723,126
8600000US14810,14810,ZCTA5 14810,591,27
8600000US14812,14812,ZCTA5 14812,609,44
8600000US14813,14813,ZCTA5 14813,566,52
8600000US14814,14814,ZCTA5 14814,903,649
8600000US14815,14815,ZCTA5 14815,698,272
8600000US14816,14816,ZCTA5 14816,-,**
8600000US14817,14817,ZCTA5 14817,796,233
8600000US14818,14818,ZCTA5 14818,846,110
8600000US14819,14819,ZCTA5 14819,821,130
8600000US14820,14820,ZCTA5 14820,607,132
8600000US14821,14821,ZCTA5 14821,777,81
8600000US14822,14822,ZCTA5 14822,759,50
8600000US14823,14823,ZCTA5 14823,667,130
8600000US14824,14824,ZCTA5 14824,778,43
8600000US14825,14825,ZCTA5 14825,762,93
8600000US14826,14826,ZCTA5 14826,654,60
8600000US14827,14827,ZCTA5 14827,-,**
8600000US14830,14830,ZCTA5 14830,693,37
8600000US14836,14836,ZCTA5 14836,761,69
8600000US14837,14837,ZCTA5 14837,690,96
8600000US14838,14838,ZCTA5 14838,807,93
8600000US14839,14839,ZCTA5 14839,610,61
8600000US14840,14840,ZCTA5 14840,635,103
8600000US14841,14841,ZCTA5 14841,-,**
8600000US14842,14842,ZCTA5 14842,-,**
8600000US14843,14843,ZCTA5 14843,618,23
8600000US14845,14845,ZCTA5 14845,849,48
8600000US14846,14846,ZCTA5 14846,664,119
8600000US14847,14847,ZCTA5 14847,713,128
8600000US14850,14850,ZCTA5 14850,1032,32
8600000US14853,14853,ZCTA5 14853,-,**
8600000US14854,14854,ZCTA5 14854,-,**
8600000US14855,14855,ZCTA5 14855,468,253
8600000US14856,14856,ZCTA5 14856,-,**
8600000US14858,14858,ZCTA5 14858,793,72
8600000US14859,14859,ZCTA5 14859,341,215
8600000US14860,14860,ZCTA5 14860,587,68
8600000US14861,14861,ZCTA5 14861,802,184
8600000US14864,14864,ZCTA5 14864,820,167
8600000US14865,14865,ZCTA5 14865,559,47
8600000US14867,14867,ZCTA5 14867,808,366
8600000US14869,14869,ZCTA5 14869,548,57
8600000US14870,14870,ZCTA5 14870,822,84
8600000US14871,14871,ZCTA5 14871,776,78
8600000US14872,14872,ZCTA5 14872,634,178
8600000US14873,14873,ZCTA5 14873,576,31
8600000US14874,14874,ZCTA5 14874,850,54
8600000US14877,14877,ZCTA5 14877,595,60
8600000US14878,14878,ZCTA5 14878,734,239
8600000US14879,14879,ZCTA5 14879,742,193
8600000US14880,14880,ZCTA5 14880,680,105
8600000US14881,14881,ZCTA5 14881,929,776
8600000US14882,14882,ZCTA5 14882,995,332
8600000US14883,14883,ZCTA5 14883,918,53
8600000US14884,14884,ZCTA5 14884,-,**
8600000US14885,14885,ZCTA5 14885,644,351
8600000US14886,14886,ZCTA5 14886,831,73
8600000US14889,14889,ZCTA5 14889,744,192
8600000US14891,14891,ZCTA5 14891,630,45
8600000US14892,14892,ZCTA5 14892,643,27
8600000US14893,14893,ZCTA5 14893,-,**
8600000US14894,14894,ZCTA5 14894,646,201
8600000US14895,14895,ZCTA5 14895,584,25
8600000US14897,14897,ZCTA5 14897,519,101
8600000US14898,14898,ZCTA5 14898,707,87
8600000US14901,14901,ZCTA5 14901,665,18
8600000US14903,14903,ZCTA5 14903,712,121
8600000US14904,14904,ZCTA5 14904,689,38
8600000US14905,14905,ZCTA5 14905,775,97
